species,factor,value,score
Picea sitchensis,at,550,0.2
Picea sitchensis,at,775,0.5
Picea sitchensis,at,975,0.75
Picea sitchensis,at,1200,0.9
Picea sitchensis,at,1475,1
Picea sitchensis,at,1800,1
Picea sitchensis,at,2100,1
Picea sitchensis,at,2400,0.9
Picea sitchensis,at,2700,0.75
Picea sitchensis,at,3000,0.5
Picea abies,at,550,0.1
Picea abies,at,775,0.5
Picea abies,at,975,0.75
Picea abies,at,1200,1
Picea abies,at,1475,1.15
Picea abies,at,1800,1.2
Picea abies,at,2100,1.1
Picea abies,at,2400,0.95
Picea abies,at,2700,0.75
Picea abies,at,3000,0.5
Pinus sylvestris,at,550,0.3
Pinus sylvestris,at,775,0.6
Pinus sylvestris,at,975,0.85
Pinus sylvestris,at,1200,1
Pinus sylvestris,at,1475,1
Pinus sylvestris,at,1800,1
Pinus sylvestris,at,2100,1
Pinus sylvestris,at,2400,1
Pinus sylvestris,at,2700,1
Pinus sylvestris,at,3000,1
Pinus nigra ssp. Laricio,at,550,0
Pinus nigra ssp. Laricio,at,775,0.1
Pinus nigra ssp. Laricio,at,975,0.3
Pinus nigra ssp. Laricio,at,1200,0.5
Pinus nigra ssp. Laricio,at,1475,0.75
Pinus nigra ssp. Laricio,at,1800,1
Pinus nigra ssp. Laricio,at,2100,1.1
Pinus nigra ssp. Laricio,at,2400,1.2
Pinus nigra ssp. Laricio,at,2700,1.1
Pinus nigra ssp. Laricio,at,3000,1
Pinus contorta,at,550,0.3
Pinus contorta,at,775,0.5
Pinus contorta,at,975,0.75
Pinus contorta,at,1200,1
Pinus contorta,at,1475,1.1
Pinus contorta,at,1800,1.13
Pinus contorta,at,2100,1.1
Pinus contorta,at,2400,1
Pinus contorta,at,2700,0.75
Pinus contorta,at,3000,0.5
Pinus peuce,at,550,0.5
Pinus peuce,at,775,0.75
Pinus peuce,at,975,1.1
Pinus peuce,at,1200,1.1
Pinus peuce,at,1475,1.1
Pinus peuce,at,1800,1.1
Pinus peuce,at,2100,1.1
Pinus peuce,at,2400,1.1
Pinus peuce,at,2700,0.9
Pinus peuce,at,3000,0.75
Larix decidua,at,550,0.2
Larix decidua,at,775,0.5
Larix decidua,at,975,0.75
Larix decidua,at,1200,NA
Larix decidua,at,1475,NA
Larix decidua,at,1800,NA
Larix decidua,at,2100,NA
Larix decidua,at,2400,NA
Larix decidua,at,2700,NA
Larix decidua,at,3000,1
Larix kaempferi,at,550,0.2
Larix kaempferi,at,775,0.5
Larix kaempferi,at,975,0.75
Larix kaempferi,at,1200,1
Larix kaempferi,at,1475,1.1
Larix kaempferi,at,1800,1.1
Larix kaempferi,at,2100,1
Larix kaempferi,at,2400,0.7
Larix kaempferi,at,2700,0.5
Larix kaempferi,at,3000,0.1
Larix eurolepsis,at,550,0.2
Larix eurolepsis,at,775,0.5
Larix eurolepsis,at,975,0.75
Larix eurolepsis,at,1200,1
Larix eurolepsis,at,1475,1
Larix eurolepsis,at,1800,1
Larix eurolepsis,at,2100,0.8
Larix eurolepsis,at,2400,0.55
Larix eurolepsis,at,2700,0
Larix eurolepsis,at,3000,NA
Pseudotsuga menziesii,at,550,0
Pseudotsuga menziesii,at,775,0.2
Pseudotsuga menziesii,at,975,0.5
Pseudotsuga menziesii,at,1200,0.7
Pseudotsuga menziesii,at,1475,1
Pseudotsuga menziesii,at,1800,1.1
Pseudotsuga menziesii,at,2100,1.1
Pseudotsuga menziesii,at,2400,1
Pseudotsuga menziesii,at,2700,0.9
Pseudotsuga menziesii,at,3000,0.7
Abies procera,at,550,0.4
Abies procera,at,775,0.7
Abies procera,at,975,0.9
Abies procera,at,1200,1
Abies procera,at,1475,1.2
Abies procera,at,1800,1
Abies procera,at,2100,0.5
Abies procera,at,2400,0
Abies procera,at,2700,NA
Abies procera,at,3000,NA
Abies amabilis,at,550,NA
Abies amabilis,at,775,0.3
Abies amabilis,at,975,0.6
Abies amabilis,at,1200,1
Abies amabilis,at,1475,1.1
Abies amabilis,at,1800,1.1
Abies amabilis,at,2100,1
Abies amabilis,at,2400,0.9
Abies amabilis,at,2700,0.6
Abies amabilis,at,3000,0.3
Tsuga heterophyla,at,550,0
Tsuga heterophyla,at,775,0.3
Tsuga heterophyla,at,975,0.7
Tsuga heterophyla,at,1200,1
Tsuga heterophyla,at,1475,1.1
Tsuga heterophyla,at,1800,1.2
Tsuga heterophyla,at,2100,1
Tsuga heterophyla,at,2400,0.8
Tsuga heterophyla,at,2700,0.6
Tsuga heterophyla,at,3000,0
Thuja plicata,at,550,NA
Thuja plicata,at,775,0.3
Thuja plicata,at,975,0.6
Thuja plicata,at,1200,0.9
Thuja plicata,at,1475,1
Thuja plicata,at,1800,1
Thuja plicata,at,2100,1
Thuja plicata,at,2400,1
Thuja plicata,at,2700,1
Thuja plicata,at,3000,1
Sequoia sempervirens A1,at,550,NA
Sequoia sempervirens A1,at,775,NA
Sequoia sempervirens A1,at,975,0.3
Sequoia sempervirens A1,at,1200,0.6
Sequoia sempervirens A1,at,1475,0.9
Sequoia sempervirens A1,at,1800,1
Sequoia sempervirens A1,at,2100,1
Sequoia sempervirens A1,at,2400,1
Sequoia sempervirens A1,at,2700,1
Sequoia sempervirens A1,at,3000,1
Master,at,550,0.2
Master,at,775,0.5
Master,at,975,0.75
Master,at,1200,1
Master,at,1475,1
Master,at,1800,1
Master,at,2100,1
Master,at,2400,1
Master,at,2700,1
Master,at,3000,1
Quercus robur,at,550,NA
Quercus robur,at,775,0
Quercus robur,at,975,0.55
Quercus robur,at,1200,0.74
Quercus robur,at,1475,0.85
Quercus robur,at,1800,1
Quercus robur,at,2100,1
Quercus robur,at,2400,1
Quercus robur,at,2700,0.9
Quercus robur,at,3000,0.7
Quercus petraea,at,550,NA
Quercus petraea,at,775,0
Quercus petraea,at,975,0.5
Quercus petraea,at,1200,0.75
Quercus petraea,at,1475,1
Quercus petraea,at,1800,1.1
Quercus petraea,at,2100,1.1
Quercus petraea,at,2400,1
Quercus petraea,at,2700,0.9
Quercus petraea,at,3000,0.75
Fagus sylvatica,at,550,NA
Fagus sylvatica,at,775,0.5
Fagus sylvatica,at,975,0.6
Fagus sylvatica,at,1200,0.75
Fagus sylvatica,at,1475,1
Fagus sylvatica,at,1800,1
Fagus sylvatica,at,2100,1
Fagus sylvatica,at,2400,0.75
Fagus sylvatica,at,2700,0.5
Fagus sylvatica,at,3000,0.1
Fraxinus excelsior,at,550,0
Fraxinus excelsior,at,775,0.3
Fraxinus excelsior,at,975,0.5
Fraxinus excelsior,at,1200,0.9
Fraxinus excelsior,at,1475,1.1
Fraxinus excelsior,at,1800,1.2
Fraxinus excelsior,at,2100,1.1
Fraxinus excelsior,at,2400,0.95
Fraxinus excelsior,at,2700,0.75
Fraxinus excelsior,at,3000,0.3
Acer pseudoplatanus,at,550,NA
Acer pseudoplatanus,at,775,NA
Acer pseudoplatanus,at,975,NA
Acer pseudoplatanus,at,1200,0.5
Acer pseudoplatanus,at,1475,0.8
Acer pseudoplatanus,at,1800,1
Acer pseudoplatanus,at,2100,1
Acer pseudoplatanus,at,2400,1
Acer pseudoplatanus,at,2700,0.75
Acer pseudoplatanus,at,3000,0.5
Ulmus glabra,at,550,NA
Ulmus glabra,at,775,0
Ulmus glabra,at,975,0.5
Ulmus glabra,at,1200,0.75
Ulmus glabra,at,1475,1
Ulmus glabra,at,1800,1
Ulmus glabra,at,2100,1
Ulmus glabra,at,2400,1
Ulmus glabra,at,2700,1
Ulmus glabra,at,3000,0.75
Castanea sativa,at,550,NA
Castanea sativa,at,775,NA
Castanea sativa,at,975,0.3
Castanea sativa,at,1200,0.6
Castanea sativa,at,1475,1
Castanea sativa,at,1800,1.1
Castanea sativa,at,2100,1.1
Castanea sativa,at,2400,1.1
Castanea sativa,at,2700,1.1
Castanea sativa,at,3000,1
Betula pendula,at,550,0.2
Betula pendula,at,775,0.5
Betula pendula,at,975,0.8
Betula pendula,at,1200,1.1
Betula pendula,at,1475,1.2
Betula pendula,at,1800,1.2
Betula pendula,at,2100,1.1
Betula pendula,at,2400,0.8
Betula pendula,at,2700,0.6
Betula pendula,at,3000,0.3
Betula pubescens,at,550,0.5
Betula pubescens,at,775,0.7
Betula pubescens,at,975,0.85
Betula pubescens,at,1200,1
Betula pubescens,at,1475,1
Betula pubescens,at,1800,1
Betula pubescens,at,2100,0.8
Betula pubescens,at,2400,0.6
Betula pubescens,at,2700,0.3
Betula pubescens,at,3000,0
Populus tremula,at,550,0
Populus tremula,at,775,0.5
Populus tremula,at,975,0.75
Populus tremula,at,1200,1
Populus tremula,at,1475,1.1
Populus tremula,at,1800,1.1
Populus tremula,at,2100,1
Populus tremula,at,2400,0.75
Populus tremula,at,2700,0.6
Populus tremula,at,3000,0.4
Populus nigra,at,550,NA
Populus nigra,at,775,0.5
Populus nigra,at,975,0.7
Populus nigra,at,1200,0.9
Populus nigra,at,1475,1
Populus nigra,at,1800,1
Populus nigra,at,2100,1
Populus nigra,at,2400,1
Populus nigra,at,2700,0.7
Populus nigra,at,3000,0.5
Alnus glutinosa,at,550,NA
Alnus glutinosa,at,775,0.5
Alnus glutinosa,at,975,0.65
Alnus glutinosa,at,1200,0.8
Alnus glutinosa,at,1475,1
Alnus glutinosa,at,1800,1
Alnus glutinosa,at,2100,1
Alnus glutinosa,at,2400,1
Alnus glutinosa,at,2700,0.8
Alnus glutinosa,at,3000,0.6
Carpinus betulus,at,550,NA
Carpinus betulus,at,775,NA
Carpinus betulus,at,975,NA
Carpinus betulus,at,1200,0.5
Carpinus betulus,at,1475,0.75
Carpinus betulus,at,1800,1
Carpinus betulus,at,2100,1
Carpinus betulus,at,2400,1
Carpinus betulus,at,2700,1
Carpinus betulus,at,3000,0.9
Tilia cordata,at,550,NA
Tilia cordata,at,775,NA
Tilia cordata,at,975,0.5
Tilia cordata,at,1200,0.7
Tilia cordata,at,1475,0.9
Tilia cordata,at,1800,1
Tilia cordata,at,2100,1
Tilia cordata,at,2400,1
Tilia cordata,at,2700,0.75
Tilia cordata,at,3000,0.5
Acer platanoides,at,550,0
Acer platanoides,at,775,0.5
Acer platanoides,at,975,0.7
Acer platanoides,at,1200,0.9
Acer platanoides,at,1475,1.05
Acer platanoides,at,1800,1.1
Acer platanoides,at,2100,1
Acer platanoides,at,2400,0.75
Acer platanoides,at,2700,0.6
Acer platanoides,at,3000,0.5
Prunus avium,at,550,NA
Prunus avium,at,775,NA
Prunus avium,at,975,0.5
Prunus avium,at,1200,0.75
Prunus avium,at,1475,1
Prunus avium,at,1800,1.1
Prunus avium,at,2100,1.1
Prunus avium,at,2400,1
Prunus avium,at,2700,0.75
Prunus avium,at,3000,0.55
Nothofagus procera,at,550,NA
Nothofagus procera,at,775,NA
Nothofagus procera,at,975,NA
Nothofagus procera,at,1200,0.75
Nothofagus procera,at,1475,1
Nothofagus procera,at,1800,1
Nothofagus procera,at,2100,1
Nothofagus procera,at,2400,0.8
Nothofagus procera,at,2700,0.6
Nothofagus procera,at,3000,NA
Pinus pinaster,at,550,NA
Pinus pinaster,at,775,NA
Pinus pinaster,at,975,NA
Pinus pinaster,at,1200,0.5
Pinus pinaster,at,1475,0.75
Pinus pinaster,at,1800,1
Pinus pinaster,at,2100,1.1
Pinus pinaster,at,2400,1.15
Pinus pinaster,at,2700,1
Pinus pinaster,at,3000,0.9
Pinus radiata,at,550,0
Pinus radiata,at,775,NA
Pinus radiata,at,975,NA
Pinus radiata,at,1200,NA
Pinus radiata,at,1475,0.5
Pinus radiata,at,1800,0.75
Pinus radiata,at,2100,1
Pinus radiata,at,2400,1.1
Pinus radiata,at,2700,1.1
Pinus radiata,at,3000,1.1
Pinus strobus,at,550,NA
Pinus strobus,at,775,0.3
Pinus strobus,at,975,0.7
Pinus strobus,at,1200,0.9
Pinus strobus,at,1475,1
Pinus strobus,at,1800,1
Pinus strobus,at,2100,1
Pinus strobus,at,2400,0.9
Pinus strobus,at,2700,0.7
Pinus strobus,at,3000,0.5
Picea omorika,at,550,0.1
Picea omorika,at,775,0.5
Picea omorika,at,975,NA
Picea omorika,at,1200,0.9
Picea omorika,at,1475,1.1
Picea omorika,at,1800,1.1
Picea omorika,at,2100,NA
Picea omorika,at,2400,0.8
Picea omorika,at,2700,0.7
Picea omorika,at,3000,0.6
Picea orientalis,at,550,NA
Picea orientalis,at,775,NA
Picea orientalis,at,975,0.5
Picea orientalis,at,1200,0.7
Picea orientalis,at,1475,0.95
Picea orientalis,at,1800,1.1
Picea orientalis,at,2100,1.15
Picea orientalis,at,2400,1.2
Picea orientalis,at,2700,1.1
Picea orientalis,at,3000,0.7
Abies grandis,at,550,NA
Abies grandis,at,775,NA
Abies grandis,at,975,0.5
Abies grandis,at,1200,0.8
Abies grandis,at,1475,1
Abies grandis,at,1800,1.1
Abies grandis,at,2100,1.2
Abies grandis,at,2400,1.1
Abies grandis,at,2700,1
Abies grandis,at,3000,0.75
Abies alba,at,550,0.4
Abies alba,at,775,0.5
Abies alba,at,975,0.6
Abies alba,at,1200,0.7
Abies alba,at,1475,0.9
Abies alba,at,1800,1.1
Abies alba,at,2100,1.2
Abies alba,at,2400,0.9
Abies alba,at,2700,0.5
Abies alba,at,3000,NA
Abies nordmanniana,at,550,0.3
Abies nordmanniana,at,775,0.45
Abies nordmanniana,at,975,0.55
Abies nordmanniana,at,1200,0.7
Abies nordmanniana,at,1475,0.9
Abies nordmanniana,at,1800,1.2
Abies nordmanniana,at,2100,1.1
Abies nordmanniana,at,2400,0.95
Abies nordmanniana,at,2700,0.7
Abies nordmanniana,at,3000,0.35
Sequoiadendron giganteum,at,550,NA
Sequoiadendron giganteum,at,775,NA
Sequoiadendron giganteum,at,975,0.5
Sequoiadendron giganteum,at,1200,0.8
Sequoiadendron giganteum,at,1475,1.1
Sequoiadendron giganteum,at,1800,1.2
Sequoiadendron giganteum,at,2100,1.1
Sequoiadendron giganteum,at,2400,0.9
Sequoiadendron giganteum,at,2700,0.7
Sequoiadendron giganteum,at,3000,0.5
Cryptomeria japonica,at,550,NA
Cryptomeria japonica,at,775,0.5
Cryptomeria japonica,at,975,0.7
Cryptomeria japonica,at,1200,0.9
Cryptomeria japonica,at,1475,1.1
Cryptomeria japonica,at,1800,NA
Cryptomeria japonica,at,2100,NA
Cryptomeria japonica,at,2400,1
Cryptomeria japonica,at,2700,NA
Cryptomeria japonica,at,3000,0.75
Chamaecyparis lawsoniana,at,550,0.3
Chamaecyparis lawsoniana,at,775,0.5
Chamaecyparis lawsoniana,at,975,0.65
Chamaecyparis lawsoniana,at,1200,0.8
Chamaecyparis lawsoniana,at,1475,1
Chamaecyparis lawsoniana,at,1800,NA
Chamaecyparis lawsoniana,at,2100,NA
Chamaecyparis lawsoniana,at,2400,NA
Chamaecyparis lawsoniana,at,2700,NA
Chamaecyparis lawsoniana,at,3000,0.8
Cupressocyparis x leyandii,at,550,0.2
Cupressocyparis x leyandii,at,775,0.5
Cupressocyparis x leyandii,at,975,0.75
Cupressocyparis x leyandii,at,1200,1
Cupressocyparis x leyandii,at,1475,1.1
Cupressocyparis x leyandii,at,1800,1.2
Cupressocyparis x leyandii,at,2100,1.1
Cupressocyparis x leyandii,at,2400,0.85
Cupressocyparis x leyandii,at,2700,0.6
Cupressocyparis x leyandii,at,3000,0.3
Sequoia sempervirens C,at,550,0
Sequoia sempervirens C,at,775,NA
Sequoia sempervirens C,at,975,0.5
Sequoia sempervirens C,at,1200,0.7
Sequoia sempervirens C,at,1475,0.9
Sequoia sempervirens C,at,1800,1
Sequoia sempervirens C,at,2100,1.1
Sequoia sempervirens C,at,2400,1.1
Sequoia sempervirens C,at,2700,1.1
Sequoia sempervirens C,at,3000,1.1
Alnus rubra,at,550,0
Alnus rubra,at,775,0.5
Alnus rubra,at,975,0.8
Alnus rubra,at,1200,1
Alnus rubra,at,1475,1.1
Alnus rubra,at,1800,1.1
Alnus rubra,at,2100,1
Alnus rubra,at,2400,0.75
Alnus rubra,at,2700,0.6
Alnus rubra,at,3000,0.5
Alnus cordata,at,550,NA
Alnus cordata,at,775,NA
Alnus cordata,at,975,NA
Alnus cordata,at,1200,0.5
Alnus cordata,at,1475,0.9
Alnus cordata,at,1800,1.1
Alnus cordata,at,2100,1.1
Alnus cordata,at,2400,1.2
Alnus cordata,at,2700,0.85
Alnus cordata,at,3000,0.5
Alnus incana,at,550,NA
Alnus incana,at,775,0.3
Alnus incana,at,975,0.75
Alnus incana,at,1200,1
Alnus incana,at,1475,1.1
Alnus incana,at,1800,1.2
Alnus incana,at,2100,1
Alnus incana,at,2400,0.75
Alnus incana,at,2700,0.5
Alnus incana,at,3000,NA
Eucalyptus gunnii,at,550,NA
Eucalyptus gunnii,at,775,NA
Eucalyptus gunnii,at,975,0.5
Eucalyptus gunnii,at,1200,0.9
Eucalyptus gunnii,at,1475,1.1
Eucalyptus gunnii,at,1800,1.1
Eucalyptus gunnii,at,2100,1
Eucalyptus gunnii,at,2400,0.75
Eucalyptus gunnii,at,2700,0.5
Eucalyptus gunnii,at,3000,NA
Euclayptus nitens,at,550,NA
Euclayptus nitens,at,775,NA
Euclayptus nitens,at,975,0.5
Euclayptus nitens,at,1200,0.9
Euclayptus nitens,at,1475,1.1
Euclayptus nitens,at,1800,1.1
Euclayptus nitens,at,2100,1.15
Euclayptus nitens,at,2400,1
Euclayptus nitens,at,2700,0.75
Euclayptus nitens,at,3000,0.5
Nothofagus obliqua,at,550,NA
Nothofagus obliqua,at,775,NA
Nothofagus obliqua,at,975,NA
Nothofagus obliqua,at,1200,0.5
Nothofagus obliqua,at,1475,0.85
Nothofagus obliqua,at,1800,1.1
Nothofagus obliqua,at,2100,1
Nothofagus obliqua,at,2400,0.75
Nothofagus obliqua,at,2700,0.5
Nothofagus obliqua,at,3000,NA
Quercus rubra,at,550,NA
Quercus rubra,at,775,NA
Quercus rubra,at,975,0.5
Quercus rubra,at,1200,0.8
Quercus rubra,at,1475,1
Quercus rubra,at,1800,1.1
Quercus rubra,at,2100,1.2
Quercus rubra,at,2400,1.1
Quercus rubra,at,2700,1
Quercus rubra,at,3000,0.75
Acer macrophyllum,at,550,NA
Acer macrophyllum,at,775,0.5
Acer macrophyllum,at,975,0.75
Acer macrophyllum,at,1200,0.9
Acer macrophyllum,at,1475,1.1
Acer macrophyllum,at,1800,1.2
Acer macrophyllum,at,2100,1.2
Acer macrophyllum,at,2400,1
Acer macrophyllum,at,2700,0.75
Acer macrophyllum,at,3000,0.5
Sorbus aucuparia,at,550,0.5
Sorbus aucuparia,at,775,0.65
Sorbus aucuparia,at,975,0.8
Sorbus aucuparia,at,1200,0.95
Sorbus aucuparia,at,1475,1.1
Sorbus aucuparia,at,1800,1.2
Sorbus aucuparia,at,2100,1.1
Sorbus aucuparia,at,2400,0.9
Sorbus aucuparia,at,2700,0.7
Sorbus aucuparia,at,3000,0.5
Sorbus torminalis,at,550,NA
Sorbus torminalis,at,775,NA
Sorbus torminalis,at,975,NA
Sorbus torminalis,at,1200,0.5
Sorbus torminalis,at,1475,0.85
Sorbus torminalis,at,1800,1
Sorbus torminalis,at,2100,1.1
Sorbus torminalis,at,2400,1.1
Sorbus torminalis,at,2700,0.9
Sorbus torminalis,at,3000,0.75
Sorbus domestica,at,550,0.3
Sorbus domestica,at,775,0.5
Sorbus domestica,at,975,0.65
Sorbus domestica,at,1200,0.8
Sorbus domestica,at,1475,1
Sorbus domestica,at,1800,NA
Sorbus domestica,at,2100,NA
Sorbus domestica,at,2400,NA
Sorbus domestica,at,2700,NA
Sorbus domestica,at,3000,0.8
Juglans regia,at,550,0
Juglans regia,at,775,0
Juglans regia,at,975,0
Juglans regia,at,1200,0
Juglans regia,at,1475,0.5
Juglans regia,at,1800,0.85
Juglans regia,at,2100,1.1
Juglans regia,at,2400,1.1
Juglans regia,at,2700,1
Juglans regia,at,3000,0.75
Juglans nigra,at,550,NA
Juglans nigra,at,775,NA
Juglans nigra,at,975,NA
Juglans nigra,at,1200,NA
Juglans nigra,at,1475,0.5
Juglans nigra,at,1800,0.85
Juglans nigra,at,2100,1
Juglans nigra,at,2400,1.1
Juglans nigra,at,2700,1.1
Juglans nigra,at,3000,1
Picea sitchensis,ct,1,1
Picea sitchensis,ct,2,1
Picea sitchensis,ct,3,1
Picea sitchensis,ct,4,1
Picea sitchensis,ct,5,1
Picea sitchensis,ct,6,1
Picea sitchensis,ct,7,0.9
Picea sitchensis,ct,8,0.8
Picea sitchensis,ct,9,0.7
Picea sitchensis,ct,10,0.6
Picea sitchensis,ct,11,0.5
Picea sitchensis,ct,12,0.4
Picea abies,ct,1,0.1
Picea abies,ct,2,0.2
Picea abies,ct,3,0.3
Picea abies,ct,4,0.4
Picea abies,ct,5,0.5
Picea abies,ct,6,0.6
Picea abies,ct,7,0.75
Picea abies,ct,8,0.9
Picea abies,ct,9,1
Picea abies,ct,10,1
Picea abies,ct,11,1
Picea abies,ct,12,1
Pinus sylvestris,ct,1,0.5
Pinus sylvestris,ct,2,0.6
Pinus sylvestris,ct,3,0.75
Pinus sylvestris,ct,4,0.9
Pinus sylvestris,ct,5,1
Pinus sylvestris,ct,6,1
Pinus sylvestris,ct,7,1
Pinus sylvestris,ct,8,1
Pinus sylvestris,ct,9,1
Pinus sylvestris,ct,10,1
Pinus sylvestris,ct,11,1
Pinus sylvestris,ct,12,1
Pinus nigra ssp. Laricio,ct,1,NA
Pinus nigra ssp. Laricio,ct,2,0.1
Pinus nigra ssp. Laricio,ct,3,0.3
Pinus nigra ssp. Laricio,ct,4,0.5
Pinus nigra ssp. Laricio,ct,5,0.75
Pinus nigra ssp. Laricio,ct,6,1
Pinus nigra ssp. Laricio,ct,7,1.1
Pinus nigra ssp. Laricio,ct,8,1.1
Pinus nigra ssp. Laricio,ct,9,1.1
Pinus nigra ssp. Laricio,ct,10,1.1
Pinus nigra ssp. Laricio,ct,11,1.1
Pinus nigra ssp. Laricio,ct,12,1.1
Pinus contorta,ct,1,1
Pinus contorta,ct,2,1
Pinus contorta,ct,3,1
Pinus contorta,ct,4,1
Pinus contorta,ct,5,1
Pinus contorta,ct,6,1
Pinus contorta,ct,7,1
Pinus contorta,ct,8,1
Pinus contorta,ct,9,1
Pinus contorta,ct,10,1
Pinus contorta,ct,11,1
Pinus contorta,ct,12,1
Pinus peuce,ct,1,0.3
Pinus peuce,ct,2,0.5
Pinus peuce,ct,3,0.75
Pinus peuce,ct,4,0.9
Pinus peuce,ct,5,1
Pinus peuce,ct,6,1.1
Pinus peuce,ct,7,1.1
Pinus peuce,ct,8,1.1
Pinus peuce,ct,9,1.1
Pinus peuce,ct,10,1.1
Pinus peuce,ct,11,1
Pinus peuce,ct,12,1
Larix decidua,ct,1,0.1
Larix decidua,ct,2,0.3
Larix decidua,ct,3,0.4
Larix decidua,ct,4,0.6
Larix decidua,ct,5,0.75
Larix decidua,ct,6,0.9
Larix decidua,ct,7,1
Larix decidua,ct,8,1
Larix decidua,ct,9,1
Larix decidua,ct,10,1
Larix decidua,ct,11,1
Larix decidua,ct,12,1
Larix kaempferi,ct,1,0.1
Larix kaempferi,ct,2,0.2
Larix kaempferi,ct,3,0.4
Larix kaempferi,ct,4,0.6
Larix kaempferi,ct,5,0.8
Larix kaempferi,ct,6,1.05
Larix kaempferi,ct,7,1.1
Larix kaempferi,ct,8,1
Larix kaempferi,ct,9,0.75
Larix kaempferi,ct,10,0.6
Larix kaempferi,ct,11,0.5
Larix kaempferi,ct,12,NA
Larix eurolepsis,ct,1,0.3
Larix eurolepsis,ct,2,0.4
Larix eurolepsis,ct,3,0.5
Larix eurolepsis,ct,4,0.65
Larix eurolepsis,ct,5,0.8
Larix eurolepsis,ct,6,0.9
Larix eurolepsis,ct,7,1
Larix eurolepsis,ct,8,1
Larix eurolepsis,ct,9,1
Larix eurolepsis,ct,10,1
Larix eurolepsis,ct,11,1
Larix eurolepsis,ct,12,1
Pseudotsuga menziesii,ct,1,NA
Pseudotsuga menziesii,ct,2,0.1
Pseudotsuga menziesii,ct,3,0.2
Pseudotsuga menziesii,ct,4,0.4
Pseudotsuga menziesii,ct,5,0.6
Pseudotsuga menziesii,ct,6,0.8
Pseudotsuga menziesii,ct,7,1
Pseudotsuga menziesii,ct,8,1
Pseudotsuga menziesii,ct,9,1
Pseudotsuga menziesii,ct,10,1
Pseudotsuga menziesii,ct,11,1
Pseudotsuga menziesii,ct,12,1
Abies procera,ct,1,0.3
Abies procera,ct,2,0.4
Abies procera,ct,3,0.5
Abies procera,ct,4,0.75
Abies procera,ct,5,1
Abies procera,ct,6,1.2
Abies procera,ct,7,1.1
Abies procera,ct,8,0.9
Abies procera,ct,9,0.6
Abies procera,ct,10,0.2
Abies procera,ct,11,NA
Abies procera,ct,12,NA
Abies amabilis,ct,1,1
Abies amabilis,ct,2,1
Abies amabilis,ct,3,1
Abies amabilis,ct,4,1
Abies amabilis,ct,5,1
Abies amabilis,ct,6,1
Abies amabilis,ct,7,1
Abies amabilis,ct,8,0.8
Abies amabilis,ct,9,0.7
Abies amabilis,ct,10,0.6
Abies amabilis,ct,11,0.5
Abies amabilis,ct,12,0.4
Tsuga heterophyla,ct,1,1
Tsuga heterophyla,ct,2,1
Tsuga heterophyla,ct,3,1
Tsuga heterophyla,ct,4,1
Tsuga heterophyla,ct,5,1
Tsuga heterophyla,ct,6,1
Tsuga heterophyla,ct,7,0.9
Tsuga heterophyla,ct,8,0.75
Tsuga heterophyla,ct,9,0.6
Tsuga heterophyla,ct,10,0.3
Tsuga heterophyla,ct,11,0
Tsuga heterophyla,ct,12,NA
Thuja plicata,ct,1,0
Thuja plicata,ct,2,0.2
Thuja plicata,ct,3,0.6
Thuja plicata,ct,4,0.9
Thuja plicata,ct,5,1.1
Thuja plicata,ct,6,1.1
Thuja plicata,ct,7,1
Thuja plicata,ct,8,0.7
Thuja plicata,ct,9,0.55
Thuja plicata,ct,10,0.3
Thuja plicata,ct,11,0
Thuja plicata,ct,12,NA
Sequoia sempervirens A1,ct,1,1
Sequoia sempervirens A1,ct,2,1.1
Sequoia sempervirens A1,ct,3,1.1
Sequoia sempervirens A1,ct,4,1.1
Sequoia sempervirens A1,ct,5,1.1
Sequoia sempervirens A1,ct,6,1.1
Sequoia sempervirens A1,ct,7,1.1
Sequoia sempervirens A1,ct,8,0.7
Sequoia sempervirens A1,ct,9,0.6
Sequoia sempervirens A1,ct,10,0.5
Sequoia sempervirens A1,ct,11,0.3
Sequoia sempervirens A1,ct,12,0
Master,ct,1,1
Master,ct,2,NA
Master,ct,3,NA
Master,ct,4,NA
Master,ct,5,NA
Master,ct,6,NA
Master,ct,7,NA
Master,ct,8,NA
Master,ct,9,NA
Master,ct,10,NA
Master,ct,11,NA
Master,ct,12,0
Quercus robur,ct,1,0.4
Quercus robur,ct,2,0.45
Quercus robur,ct,3,0.5
Quercus robur,ct,4,0.55
Quercus robur,ct,5,0.6
Quercus robur,ct,6,0.65
Quercus robur,ct,7,0.7
Quercus robur,ct,8,0.75
Quercus robur,ct,9,0.85
Quercus robur,ct,10,0.95
Quercus robur,ct,11,1.1
Quercus robur,ct,12,1.2
Quercus petraea,ct,1,0.6
Quercus petraea,ct,2,0.7
Quercus petraea,ct,3,0.8
Quercus petraea,ct,4,0.9
Quercus petraea,ct,5,1
Quercus petraea,ct,6,1
Quercus petraea,ct,7,1
Quercus petraea,ct,8,1
Quercus petraea,ct,9,1
Quercus petraea,ct,10,1
Quercus petraea,ct,11,1
Quercus petraea,ct,12,1
Fagus sylvatica,ct,1,0.5
Fagus sylvatica,ct,2,0.55
Fagus sylvatica,ct,3,0.6
Fagus sylvatica,ct,4,0.7
Fagus sylvatica,ct,5,0.9
Fagus sylvatica,ct,6,1
Fagus sylvatica,ct,7,1.1
Fagus sylvatica,ct,8,1.2
Fagus sylvatica,ct,9,1.3
Fagus sylvatica,ct,10,1.4
Fagus sylvatica,ct,11,1.4
Fagus sylvatica,ct,12,1.4
Fraxinus excelsior,ct,1,1
Fraxinus excelsior,ct,2,1
Fraxinus excelsior,ct,3,1
Fraxinus excelsior,ct,4,1
Fraxinus excelsior,ct,5,1
Fraxinus excelsior,ct,6,1
Fraxinus excelsior,ct,7,1
Fraxinus excelsior,ct,8,1
Fraxinus excelsior,ct,9,1
Fraxinus excelsior,ct,10,1
Fraxinus excelsior,ct,11,1
Fraxinus excelsior,ct,12,1
Acer pseudoplatanus,ct,1,1
Acer pseudoplatanus,ct,2,1
Acer pseudoplatanus,ct,3,1
Acer pseudoplatanus,ct,4,1
Acer pseudoplatanus,ct,5,1
Acer pseudoplatanus,ct,6,1
Acer pseudoplatanus,ct,7,1
Acer pseudoplatanus,ct,8,1
Acer pseudoplatanus,ct,9,1
Acer pseudoplatanus,ct,10,1
Acer pseudoplatanus,ct,11,1
Acer pseudoplatanus,ct,12,1
Ulmus glabra,ct,1,1
Ulmus glabra,ct,2,1
Ulmus glabra,ct,3,1
Ulmus glabra,ct,4,1
Ulmus glabra,ct,5,1
Ulmus glabra,ct,6,1
Ulmus glabra,ct,7,1
Ulmus glabra,ct,8,1
Ulmus glabra,ct,9,1
Ulmus glabra,ct,10,1
Ulmus glabra,ct,11,1
Ulmus glabra,ct,12,1
Castanea sativa,ct,1,NA
Castanea sativa,ct,2,0.2
Castanea sativa,ct,3,0.3
Castanea sativa,ct,4,0.5
Castanea sativa,ct,5,0.8
Castanea sativa,ct,6,1
Castanea sativa,ct,7,1.1
Castanea sativa,ct,8,1.1
Castanea sativa,ct,9,1.1
Castanea sativa,ct,10,1.1
Castanea sativa,ct,11,1.1
Castanea sativa,ct,12,1.1
Betula pendula,ct,1,1
Betula pendula,ct,2,1
Betula pendula,ct,3,1
Betula pendula,ct,4,1
Betula pendula,ct,5,1
Betula pendula,ct,6,1
Betula pendula,ct,7,1
Betula pendula,ct,8,1
Betula pendula,ct,9,1
Betula pendula,ct,10,1
Betula pendula,ct,11,1
Betula pendula,ct,12,1
Betula pubescens,ct,1,1
Betula pubescens,ct,2,1.1
Betula pubescens,ct,3,1.2
Betula pubescens,ct,4,1.2
Betula pubescens,ct,5,1.15
Betula pubescens,ct,6,1.1
Betula pubescens,ct,7,1
Betula pubescens,ct,8,0.9
Betula pubescens,ct,9,0.8
Betula pubescens,ct,10,0.7
Betula pubescens,ct,11,0.6
Betula pubescens,ct,12,0.5
Populus tremula,ct,1,1
Populus tremula,ct,2,1
Populus tremula,ct,3,1
Populus tremula,ct,4,1
Populus tremula,ct,5,1
Populus tremula,ct,6,1
Populus tremula,ct,7,1
Populus tremula,ct,8,1
Populus tremula,ct,9,1
Populus tremula,ct,10,1
Populus tremula,ct,11,1
Populus tremula,ct,12,1
Populus nigra,ct,1,0.2
Populus nigra,ct,2,0.3
Populus nigra,ct,3,0.5
Populus nigra,ct,4,0.7
Populus nigra,ct,5,0.9
Populus nigra,ct,6,1
Populus nigra,ct,7,1
Populus nigra,ct,8,1
Populus nigra,ct,9,1
Populus nigra,ct,10,1
Populus nigra,ct,11,1
Populus nigra,ct,12,1
Alnus glutinosa,ct,1,0.2
Alnus glutinosa,ct,2,0.4
Alnus glutinosa,ct,3,0.6
Alnus glutinosa,ct,4,0.8
Alnus glutinosa,ct,5,1
Alnus glutinosa,ct,6,1
Alnus glutinosa,ct,7,1
Alnus glutinosa,ct,8,1
Alnus glutinosa,ct,9,1
Alnus glutinosa,ct,10,1
Alnus glutinosa,ct,11,1
Alnus glutinosa,ct,12,1
Carpinus betulus,ct,1,NA
Carpinus betulus,ct,2,NA
Carpinus betulus,ct,3,NA
Carpinus betulus,ct,4,NA
Carpinus betulus,ct,5,NA
Carpinus betulus,ct,6,0.6
Carpinus betulus,ct,7,1
Carpinus betulus,ct,8,1
Carpinus betulus,ct,9,1
Carpinus betulus,ct,10,1
Carpinus betulus,ct,11,1
Carpinus betulus,ct,12,1
Tilia cordata,ct,1,NA
Tilia cordata,ct,2,NA
Tilia cordata,ct,3,NA
Tilia cordata,ct,4,NA
Tilia cordata,ct,5,0.6
Tilia cordata,ct,6,0.9
Tilia cordata,ct,7,1
Tilia cordata,ct,8,1
Tilia cordata,ct,9,1
Tilia cordata,ct,10,1
Tilia cordata,ct,11,1
Tilia cordata,ct,12,1
Acer platanoides,ct,1,NA
Acer platanoides,ct,2,NA
Acer platanoides,ct,3,NA
Acer platanoides,ct,4,NA
Acer platanoides,ct,5,0.6
Acer platanoides,ct,6,0.9
Acer platanoides,ct,7,1
Acer platanoides,ct,8,1
Acer platanoides,ct,9,1
Acer platanoides,ct,10,1
Acer platanoides,ct,11,1
Acer platanoides,ct,12,1
Prunus avium,ct,1,NA
Prunus avium,ct,2,NA
Prunus avium,ct,3,NA
Prunus avium,ct,4,NA
Prunus avium,ct,5,0.7
Prunus avium,ct,6,1
Prunus avium,ct,7,1
Prunus avium,ct,8,1
Prunus avium,ct,9,1
Prunus avium,ct,10,1
Prunus avium,ct,11,1
Prunus avium,ct,12,1
Nothofagus procera,ct,1,0.7
Nothofagus procera,ct,2,1
Nothofagus procera,ct,3,1
Nothofagus procera,ct,4,1
Nothofagus procera,ct,5,1
Nothofagus procera,ct,6,1
Nothofagus procera,ct,7,1
Nothofagus procera,ct,8,1
Nothofagus procera,ct,9,1
Nothofagus procera,ct,10,1
Nothofagus procera,ct,11,1
Nothofagus procera,ct,12,1
Pinus pinaster,ct,1,NA
Pinus pinaster,ct,2,NA
Pinus pinaster,ct,3,0.5
Pinus pinaster,ct,4,0.8
Pinus pinaster,ct,5,1
Pinus pinaster,ct,6,1
Pinus pinaster,ct,7,1
Pinus pinaster,ct,8,0.9
Pinus pinaster,ct,9,0.7
Pinus pinaster,ct,10,0.6
Pinus pinaster,ct,11,0.55
Pinus pinaster,ct,12,0.5
Pinus radiata,ct,1,0
Pinus radiata,ct,2,0.05
Pinus radiata,ct,3,0.2
Pinus radiata,ct,4,0.35
Pinus radiata,ct,5,0.7
Pinus radiata,ct,6,0.9
Pinus radiata,ct,7,1
Pinus radiata,ct,8,1
Pinus radiata,ct,9,0.8
Pinus radiata,ct,10,NA
Pinus radiata,ct,11,NA
Pinus radiata,ct,12,NA
Pinus strobus,ct,1,0.1
Pinus strobus,ct,2,0.2
Pinus strobus,ct,3,0.3
Pinus strobus,ct,4,0.4
Pinus strobus,ct,5,0.5
Pinus strobus,ct,6,0.8
Pinus strobus,ct,7,1
Pinus strobus,ct,8,1.1
Pinus strobus,ct,9,1.2
Pinus strobus,ct,10,1.3
Pinus strobus,ct,11,1.3
Pinus strobus,ct,12,1.3
Picea omorika,ct,1,0
Picea omorika,ct,2,NA
Picea omorika,ct,3,NA
Picea omorika,ct,4,0.5
Picea omorika,ct,5,0.7
Picea omorika,ct,6,1
Picea omorika,ct,7,NA
Picea omorika,ct,8,NA
Picea omorika,ct,9,NA
Picea omorika,ct,10,NA
Picea omorika,ct,11,NA
Picea omorika,ct,12,NA
Picea orientalis,ct,1,NA
Picea orientalis,ct,2,NA
Picea orientalis,ct,3,NA
Picea orientalis,ct,4,0.5
Picea orientalis,ct,5,0.75
Picea orientalis,ct,6,0.95
Picea orientalis,ct,7,1
Picea orientalis,ct,8,1
Picea orientalis,ct,9,1.1
Picea orientalis,ct,10,1.1
Picea orientalis,ct,11,1
Picea orientalis,ct,12,1
Abies grandis,ct,1,0.4
Abies grandis,ct,2,0.55
Abies grandis,ct,3,0.6
Abies grandis,ct,4,0.65
Abies grandis,ct,5,0.8
Abies grandis,ct,6,1
Abies grandis,ct,7,1.1
Abies grandis,ct,8,1
Abies grandis,ct,9,0.75
Abies grandis,ct,10,NA
Abies grandis,ct,11,NA
Abies grandis,ct,12,NA
Abies alba,ct,1,NA
Abies alba,ct,2,NA
Abies alba,ct,3,NA
Abies alba,ct,4,NA
Abies alba,ct,5,NA
Abies alba,ct,6,0.7
Abies alba,ct,7,1
Abies alba,ct,8,1
Abies alba,ct,9,1
Abies alba,ct,10,1
Abies alba,ct,11,1
Abies alba,ct,12,1
Abies nordmanniana,ct,1,0
Abies nordmanniana,ct,2,NA
Abies nordmanniana,ct,3,NA
Abies nordmanniana,ct,4,0.3
Abies nordmanniana,ct,5,0.5
Abies nordmanniana,ct,6,0.7
Abies nordmanniana,ct,7,0.9
Abies nordmanniana,ct,8,1.2
Abies nordmanniana,ct,9,1.2
Abies nordmanniana,ct,10,1.2
Abies nordmanniana,ct,11,1.2
Abies nordmanniana,ct,12,1.2
Sequoiadendron giganteum,ct,1,NA
Sequoiadendron giganteum,ct,2,NA
Sequoiadendron giganteum,ct,3,NA
Sequoiadendron giganteum,ct,4,0.3
Sequoiadendron giganteum,ct,5,0.6
Sequoiadendron giganteum,ct,6,0.8
Sequoiadendron giganteum,ct,7,1.1
Sequoiadendron giganteum,ct,8,1
Sequoiadendron giganteum,ct,9,1
Sequoiadendron giganteum,ct,10,1
Sequoiadendron giganteum,ct,11,1
Sequoiadendron giganteum,ct,12,1
Cryptomeria japonica,ct,1,NA
Cryptomeria japonica,ct,2,0.3
Cryptomeria japonica,ct,3,0.5
Cryptomeria japonica,ct,4,0.8
Cryptomeria japonica,ct,5,1
Cryptomeria japonica,ct,6,1.1
Cryptomeria japonica,ct,7,1.1
Cryptomeria japonica,ct,8,1
Cryptomeria japonica,ct,9,0.9
Cryptomeria japonica,ct,10,0.7
Cryptomeria japonica,ct,11,NA
Cryptomeria japonica,ct,12,0
Chamaecyparis lawsoniana,ct,1,NA
Chamaecyparis lawsoniana,ct,2,NA
Chamaecyparis lawsoniana,ct,3,NA
Chamaecyparis lawsoniana,ct,4,0.6
Chamaecyparis lawsoniana,ct,5,1
Chamaecyparis lawsoniana,ct,6,1
Chamaecyparis lawsoniana,ct,7,1
Chamaecyparis lawsoniana,ct,8,1
Chamaecyparis lawsoniana,ct,9,1
Chamaecyparis lawsoniana,ct,10,1.1
Chamaecyparis lawsoniana,ct,11,1
Chamaecyparis lawsoniana,ct,12,1
Cupressocyparis x leyandii,ct,1,0.6
Cupressocyparis x leyandii,ct,2,0.85
Cupressocyparis x leyandii,ct,3,1
Cupressocyparis x leyandii,ct,4,1
Cupressocyparis x leyandii,ct,5,1
Cupressocyparis x leyandii,ct,6,1
Cupressocyparis x leyandii,ct,7,1
Cupressocyparis x leyandii,ct,8,1
Cupressocyparis x leyandii,ct,9,1
Cupressocyparis x leyandii,ct,10,1
Cupressocyparis x leyandii,ct,11,1
Cupressocyparis x leyandii,ct,12,1
Sequoia sempervirens C,ct,1,1.1
Sequoia sempervirens C,ct,2,1.1
Sequoia sempervirens C,ct,3,1.1
Sequoia sempervirens C,ct,4,1.1
Sequoia sempervirens C,ct,5,1.1
Sequoia sempervirens C,ct,6,1.1
Sequoia sempervirens C,ct,7,1
Sequoia sempervirens C,ct,8,0.9
Sequoia sempervirens C,ct,9,0.8
Sequoia sempervirens C,ct,10,0.65
Sequoia sempervirens C,ct,11,0.55
Sequoia sempervirens C,ct,12,0.4
Alnus rubra,ct,1,1.1
Alnus rubra,ct,2,1.1
Alnus rubra,ct,3,1.1
Alnus rubra,ct,4,1.1
Alnus rubra,ct,5,1.1
Alnus rubra,ct,6,1
Alnus rubra,ct,7,1
Alnus rubra,ct,8,0.9
Alnus rubra,ct,9,0.8
Alnus rubra,ct,10,0.7
Alnus rubra,ct,11,0.6
Alnus rubra,ct,12,0.5
Alnus cordata,ct,1,1.1
Alnus cordata,ct,2,1.1
Alnus cordata,ct,3,1.1
Alnus cordata,ct,4,1.1
Alnus cordata,ct,5,1.1
Alnus cordata,ct,6,1
Alnus cordata,ct,7,0.9
Alnus cordata,ct,8,0.7
Alnus cordata,ct,9,0.5
Alnus cordata,ct,10,NA
Alnus cordata,ct,11,NA
Alnus cordata,ct,12,NA
Alnus incana,ct,1,1
Alnus incana,ct,2,1
Alnus incana,ct,3,1
Alnus incana,ct,4,1
Alnus incana,ct,5,1
Alnus incana,ct,6,1
Alnus incana,ct,7,1
Alnus incana,ct,8,1
Alnus incana,ct,9,1
Alnus incana,ct,10,1
Alnus incana,ct,11,1
Alnus incana,ct,12,1
Eucalyptus gunnii,ct,1,NA
Eucalyptus gunnii,ct,2,0.3
Eucalyptus gunnii,ct,3,0.45
Eucalyptus gunnii,ct,4,0.6
Eucalyptus gunnii,ct,5,0.8
Eucalyptus gunnii,ct,6,0.95
Eucalyptus gunnii,ct,7,1.1
Eucalyptus gunnii,ct,8,1.2
Eucalyptus gunnii,ct,9,1.2
Eucalyptus gunnii,ct,10,1.3
Eucalyptus gunnii,ct,11,1.3
Eucalyptus gunnii,ct,12,1.4
Euclayptus nitens,ct,1,NA
Euclayptus nitens,ct,2,NA
Euclayptus nitens,ct,3,NA
Euclayptus nitens,ct,4,0.5
Euclayptus nitens,ct,5,0.75
Euclayptus nitens,ct,6,0.95
Euclayptus nitens,ct,7,1
Euclayptus nitens,ct,8,1
Euclayptus nitens,ct,9,1.1
Euclayptus nitens,ct,10,1.1
Euclayptus nitens,ct,11,1.1
Euclayptus nitens,ct,12,1.1
Nothofagus obliqua,ct,1,1.1
Nothofagus obliqua,ct,2,1.1
Nothofagus obliqua,ct,3,1.1
Nothofagus obliqua,ct,4,1.1
Nothofagus obliqua,ct,5,1.1
Nothofagus obliqua,ct,6,1.1
Nothofagus obliqua,ct,7,1.1
Nothofagus obliqua,ct,8,0.95
Nothofagus obliqua,ct,9,0.75
Nothofagus obliqua,ct,10,0.5
Nothofagus obliqua,ct,11,NA
Nothofagus obliqua,ct,12,NA
Quercus rubra,ct,1,0.5
Quercus rubra,ct,2,0.55
Quercus rubra,ct,3,0.65
Quercus rubra,ct,4,0.75
Quercus rubra,ct,5,1
Quercus rubra,ct,6,1.1
Quercus rubra,ct,7,1.5
Quercus rubra,ct,8,2
Quercus rubra,ct,9,2
Quercus rubra,ct,10,2
Quercus rubra,ct,11,2
Quercus rubra,ct,12,2
Acer macrophyllum,ct,1,1.1
Acer macrophyllum,ct,2,1.1
Acer macrophyllum,ct,3,1.1
Acer macrophyllum,ct,4,1.1
Acer macrophyllum,ct,5,1.1
Acer macrophyllum,ct,6,1.1
Acer macrophyllum,ct,7,0.9
Acer macrophyllum,ct,8,0.75
Acer macrophyllum,ct,9,0.5
Acer macrophyllum,ct,10,NA
Acer macrophyllum,ct,11,NA
Acer macrophyllum,ct,12,NA
Sorbus aucuparia,ct,1,1
Sorbus aucuparia,ct,2,1
Sorbus aucuparia,ct,3,1
Sorbus aucuparia,ct,4,1
Sorbus aucuparia,ct,5,1
Sorbus aucuparia,ct,6,1
Sorbus aucuparia,ct,7,1
Sorbus aucuparia,ct,8,1
Sorbus aucuparia,ct,9,1
Sorbus aucuparia,ct,10,1
Sorbus aucuparia,ct,11,1
Sorbus aucuparia,ct,12,1
Sorbus torminalis,ct,1,NA
Sorbus torminalis,ct,2,NA
Sorbus torminalis,ct,3,0.3
Sorbus torminalis,ct,4,0.6
Sorbus torminalis,ct,5,0.95
Sorbus torminalis,ct,6,1.1
Sorbus torminalis,ct,7,1.1
Sorbus torminalis,ct,8,1.1
Sorbus torminalis,ct,9,1.1
Sorbus torminalis,ct,10,1.1
Sorbus torminalis,ct,11,1.1
Sorbus torminalis,ct,12,1.1
Sorbus domestica,ct,1,NA
Sorbus domestica,ct,2,NA
Sorbus domestica,ct,3,NA
Sorbus domestica,ct,4,0.6
Sorbus domestica,ct,5,1
Sorbus domestica,ct,6,1
Sorbus domestica,ct,7,1
Sorbus domestica,ct,8,1
Sorbus domestica,ct,9,1
Sorbus domestica,ct,10,1.1
Sorbus domestica,ct,11,1.1
Sorbus domestica,ct,12,1.1
Juglans regia,ct,1,NA
Juglans regia,ct,2,NA
Juglans regia,ct,3,NA
Juglans regia,ct,4,NA
Juglans regia,ct,5,0.5
Juglans regia,ct,6,0.7
Juglans regia,ct,7,0.9
Juglans regia,ct,8,1
Juglans regia,ct,9,1
Juglans regia,ct,10,1
Juglans regia,ct,11,1
Juglans regia,ct,12,1
Juglans nigra,ct,1,NA
Juglans nigra,ct,2,NA
Juglans nigra,ct,3,NA
Juglans nigra,ct,4,0.2
Juglans nigra,ct,5,0.5
Juglans nigra,ct,6,0.7
Juglans nigra,ct,7,0.9
Juglans nigra,ct,8,1.1
Juglans nigra,ct,9,1.1
Juglans nigra,ct,10,1.1
Juglans nigra,ct,11,1.1
Juglans nigra,ct,12,1.1
Picea sitchensis,md,20,1
Picea sitchensis,md,60,1
Picea sitchensis,md,90,1
Picea sitchensis,md,120,0.85
Picea sitchensis,md,140,0.7
Picea sitchensis,md,160,0.6
Picea sitchensis,md,180,0.5
Picea sitchensis,md,200,0.4
Picea sitchensis,md,230,0.3
Picea sitchensis,md,260,0.2
Picea sitchensis,md,290,0.1
Picea sitchensis,md,320,0
Picea abies,md,20,0.5
Picea abies,md,60,0.7
Picea abies,md,90,0.8
Picea abies,md,120,0.9
Picea abies,md,140,1
Picea abies,md,160,1.1
Picea abies,md,180,1.1
Picea abies,md,200,1.1
Picea abies,md,230,0.95
Picea abies,md,260,0.75
Picea abies,md,290,0.5
Picea abies,md,320,0
Pinus sylvestris,md,20,0.5
Pinus sylvestris,md,60,0.7
Pinus sylvestris,md,90,0.85
Pinus sylvestris,md,120,1
Pinus sylvestris,md,140,1
Pinus sylvestris,md,160,1
Pinus sylvestris,md,180,1
Pinus sylvestris,md,200,0.9
Pinus sylvestris,md,230,0.75
Pinus sylvestris,md,260,0.6
Pinus sylvestris,md,290,0.5
Pinus sylvestris,md,320,0.3
Pinus nigra ssp. Laricio,md,20,0
Pinus nigra ssp. Laricio,md,60,0.25
Pinus nigra ssp. Laricio,md,90,0.45
Pinus nigra ssp. Laricio,md,120,0.6
Pinus nigra ssp. Laricio,md,140,0.75
Pinus nigra ssp. Laricio,md,160,0.9
Pinus nigra ssp. Laricio,md,180,1.05
Pinus nigra ssp. Laricio,md,200,1.05
Pinus nigra ssp. Laricio,md,230,1
Pinus nigra ssp. Laricio,md,260,0.8
Pinus nigra ssp. Laricio,md,290,0.5
Pinus nigra ssp. Laricio,md,320,0
Pinus contorta,md,20,0.5
Pinus contorta,md,60,0.6
Pinus contorta,md,90,0.75
Pinus contorta,md,120,1
Pinus contorta,md,140,1
Pinus contorta,md,160,1.15
Pinus contorta,md,180,1.15
Pinus contorta,md,200,1.1
Pinus contorta,md,230,1
Pinus contorta,md,260,0.8
Pinus contorta,md,290,0.5
Pinus contorta,md,320,0
Pinus peuce,md,20,0.3
Pinus peuce,md,60,0.6
Pinus peuce,md,90,0.75
Pinus peuce,md,120,1
Pinus peuce,md,140,1.1
Pinus peuce,md,160,1.1
Pinus peuce,md,180,1.1
Pinus peuce,md,200,1.1
Pinus peuce,md,230,1.1
Pinus peuce,md,260,1
Pinus peuce,md,290,0.75
Pinus peuce,md,320,0.5
Larix decidua,md,20,0.1
Larix decidua,md,60,0.6
Larix decidua,md,90,0.9
Larix decidua,md,120,1.1
Larix decidua,md,140,1.1
Larix decidua,md,160,0.95
Larix decidua,md,180,0.85
Larix decidua,md,200,0.7
Larix decidua,md,230,0.5
Larix decidua,md,260,0
Larix decidua,md,290,NA
Larix decidua,md,320,NA
Larix kaempferi,md,20,0.75
Larix kaempferi,md,60,0.9
Larix kaempferi,md,90,1
Larix kaempferi,md,120,1
Larix kaempferi,md,140,1
Larix kaempferi,md,160,0.9
Larix kaempferi,md,180,0.6
Larix kaempferi,md,200,0.4
Larix kaempferi,md,230,0
Larix kaempferi,md,260,NA
Larix kaempferi,md,290,NA
Larix kaempferi,md,320,NA
Larix eurolepsis,md,20,0.3
Larix eurolepsis,md,60,0.5
Larix eurolepsis,md,90,0.75
Larix eurolepsis,md,120,1
Larix eurolepsis,md,140,1
Larix eurolepsis,md,160,1
Larix eurolepsis,md,180,0.9
Larix eurolepsis,md,200,0.6
Larix eurolepsis,md,230,0.4
Larix eurolepsis,md,260,NA
Larix eurolepsis,md,290,NA
Larix eurolepsis,md,320,NA
Pseudotsuga menziesii,md,20,0.2
Pseudotsuga menziesii,md,60,0.5
Pseudotsuga menziesii,md,90,0.7
Pseudotsuga menziesii,md,120,1
Pseudotsuga menziesii,md,140,1.1
Pseudotsuga menziesii,md,160,1.2
Pseudotsuga menziesii,md,180,1.1
Pseudotsuga menziesii,md,200,1
Pseudotsuga menziesii,md,230,0.75
Pseudotsuga menziesii,md,260,0.4
Pseudotsuga menziesii,md,290,0
Pseudotsuga menziesii,md,320,NA
Abies procera,md,20,0.6
Abies procera,md,60,1
Abies procera,md,90,1.1
Abies procera,md,120,0.9
Abies procera,md,140,0.7
Abies procera,md,160,0.5
Abies procera,md,180,0.2
Abies procera,md,200,NA
Abies procera,md,230,NA
Abies procera,md,260,NA
Abies procera,md,290,NA
Abies procera,md,320,NA
Abies amabilis,md,20,1
Abies amabilis,md,60,1
Abies amabilis,md,90,1
Abies amabilis,md,120,1
Abies amabilis,md,140,1
Abies amabilis,md,160,1
Abies amabilis,md,180,1
Abies amabilis,md,200,0.85
Abies amabilis,md,230,0.75
Abies amabilis,md,260,0.5
Abies amabilis,md,290,0
Abies amabilis,md,320,NA
Tsuga heterophyla,md,20,1
Tsuga heterophyla,md,60,1
Tsuga heterophyla,md,90,1
Tsuga heterophyla,md,120,1
Tsuga heterophyla,md,140,1
Tsuga heterophyla,md,160,1
Tsuga heterophyla,md,180,0.8
Tsuga heterophyla,md,200,0.5
Tsuga heterophyla,md,230,0.2
Tsuga heterophyla,md,260,NA
Tsuga heterophyla,md,290,NA
Tsuga heterophyla,md,320,NA
Thuja plicata,md,20,0.6
Thuja plicata,md,60,0.9
Thuja plicata,md,90,1
Thuja plicata,md,120,1.1
Thuja plicata,md,140,1.1
Thuja plicata,md,160,1.1
Thuja plicata,md,180,1
Thuja plicata,md,200,0.8
Thuja plicata,md,230,0.6
Thuja plicata,md,260,0.4
Thuja plicata,md,290,0
Thuja plicata,md,320,NA
Sequoia sempervirens A1,md,20,0.6
Sequoia sempervirens A1,md,60,0.8
Sequoia sempervirens A1,md,90,1
Sequoia sempervirens A1,md,120,1
Sequoia sempervirens A1,md,140,1
Sequoia sempervirens A1,md,160,1
Sequoia sempervirens A1,md,180,1
Sequoia sempervirens A1,md,200,0.8
Sequoia sempervirens A1,md,230,0.6
Sequoia sempervirens A1,md,260,0.4
Sequoia sempervirens A1,md,290,0
Sequoia sempervirens A1,md,320,NA
Master,md,20,1
Master,md,60,NA
Master,md,90,NA
Master,md,120,NA
Master,md,140,NA
Master,md,160,NA
Master,md,180,NA
Master,md,200,NA
Master,md,230,NA
Master,md,260,NA
Master,md,290,NA
Master,md,320,0
Quercus robur,md,20,0.3
Quercus robur,md,60,0.6
Quercus robur,md,90,0.8
Quercus robur,md,120,1
Quercus robur,md,140,1
Quercus robur,md,160,1
Quercus robur,md,180,1
Quercus robur,md,200,0.9
Quercus robur,md,230,0.7
Quercus robur,md,260,0.5
Quercus robur,md,290,0.3
Quercus robur,md,320,0
Quercus petraea,md,20,0.8
Quercus petraea,md,60,1
Quercus petraea,md,90,1.1
Quercus petraea,md,120,1.1
Quercus petraea,md,140,1.1
Quercus petraea,md,160,1.1
Quercus petraea,md,180,1
Quercus petraea,md,200,0.85
Quercus petraea,md,230,0.65
Quercus petraea,md,260,0.4
Quercus petraea,md,290,0
Quercus petraea,md,320,NA
Fagus sylvatica,md,20,0.5
Fagus sylvatica,md,60,0.7
Fagus sylvatica,md,90,0.9
Fagus sylvatica,md,120,1
Fagus sylvatica,md,140,1
Fagus sylvatica,md,160,1
Fagus sylvatica,md,180,1
Fagus sylvatica,md,200,0.75
Fagus sylvatica,md,230,0.5
Fagus sylvatica,md,260,0.1
Fagus sylvatica,md,290,NA
Fagus sylvatica,md,320,NA
Fraxinus excelsior,md,20,0.75
Fraxinus excelsior,md,60,0.9
Fraxinus excelsior,md,90,1
Fraxinus excelsior,md,120,1
Fraxinus excelsior,md,140,1
Fraxinus excelsior,md,160,0.9
Fraxinus excelsior,md,180,0.7
Fraxinus excelsior,md,200,0.5
Fraxinus excelsior,md,230,0
Fraxinus excelsior,md,260,NA
Fraxinus excelsior,md,290,NA
Fraxinus excelsior,md,320,NA
Acer pseudoplatanus,md,20,0.6
Acer pseudoplatanus,md,60,0.9
Acer pseudoplatanus,md,90,1
Acer pseudoplatanus,md,120,1
Acer pseudoplatanus,md,140,1
Acer pseudoplatanus,md,160,1
Acer pseudoplatanus,md,180,1
Acer pseudoplatanus,md,200,1
Acer pseudoplatanus,md,230,0.75
Acer pseudoplatanus,md,260,0.5
Acer pseudoplatanus,md,290,0
Acer pseudoplatanus,md,320,NA
Ulmus glabra,md,20,0.5
Ulmus glabra,md,60,0.75
Ulmus glabra,md,90,0.9
Ulmus glabra,md,120,1
Ulmus glabra,md,140,1.1
Ulmus glabra,md,160,1
Ulmus glabra,md,180,0.8
Ulmus glabra,md,200,0.7
Ulmus glabra,md,230,0.4
Ulmus glabra,md,260,NA
Ulmus glabra,md,290,NA
Ulmus glabra,md,320,NA
Castanea sativa,md,20,0.3
Castanea sativa,md,60,0.8
Castanea sativa,md,90,1
Castanea sativa,md,120,1.1
Castanea sativa,md,140,1.1
Castanea sativa,md,160,1.1
Castanea sativa,md,180,1.1
Castanea sativa,md,200,1
Castanea sativa,md,230,0.75
Castanea sativa,md,260,0.5
Castanea sativa,md,290,0
Castanea sativa,md,320,NA
Betula pendula,md,20,0.5
Betula pendula,md,60,0.75
Betula pendula,md,90,1
Betula pendula,md,120,1.1
Betula pendula,md,140,1.2
Betula pendula,md,160,1.2
Betula pendula,md,180,1.1
Betula pendula,md,200,1
Betula pendula,md,230,0.8
Betula pendula,md,260,0.5
Betula pendula,md,290,0
Betula pendula,md,320,NA
Betula pubescens,md,20,1
Betula pubescens,md,60,1.1
Betula pubescens,md,90,1.2
Betula pubescens,md,120,1.1
Betula pubescens,md,140,1
Betula pubescens,md,160,0.8
Betula pubescens,md,180,0.7
Betula pubescens,md,200,0.6
Betula pubescens,md,230,0.4
Betula pubescens,md,260,0.1
Betula pubescens,md,290,0
Betula pubescens,md,320,NA
Populus tremula,md,20,0.5
Populus tremula,md,60,0.75
Populus tremula,md,90,1
Populus tremula,md,120,1.1
Populus tremula,md,140,1.1
Populus tremula,md,160,1.1
Populus tremula,md,180,1
Populus tremula,md,200,0.9
Populus tremula,md,230,0.8
Populus tremula,md,260,0.6
Populus tremula,md,290,0.2
Populus tremula,md,320,NA
Populus nigra,md,20,0.5
Populus nigra,md,60,0.7
Populus nigra,md,90,0.8
Populus nigra,md,120,1
Populus nigra,md,140,1
Populus nigra,md,160,1
Populus nigra,md,180,1
Populus nigra,md,200,1
Populus nigra,md,230,0.8
Populus nigra,md,260,0.6
Populus nigra,md,290,0.4
Populus nigra,md,320,0
Alnus glutinosa,md,20,0.5
Alnus glutinosa,md,60,0.7
Alnus glutinosa,md,90,0.9
Alnus glutinosa,md,120,1
Alnus glutinosa,md,140,1
Alnus glutinosa,md,160,1
Alnus glutinosa,md,180,1
Alnus glutinosa,md,200,1
Alnus glutinosa,md,230,0.8
Alnus glutinosa,md,260,0.6
Alnus glutinosa,md,290,0.4
Alnus glutinosa,md,320,NA
Carpinus betulus,md,20,NA
Carpinus betulus,md,60,NA
Carpinus betulus,md,90,0.5
Carpinus betulus,md,120,0.75
Carpinus betulus,md,140,1
Carpinus betulus,md,160,1.1
Carpinus betulus,md,180,1.1
Carpinus betulus,md,200,1.1
Carpinus betulus,md,230,1
Carpinus betulus,md,260,0.9
Carpinus betulus,md,290,0.75
Carpinus betulus,md,320,0.4
Tilia cordata,md,20,NA
Tilia cordata,md,60,0.5
Tilia cordata,md,90,0.75
Tilia cordata,md,120,1
Tilia cordata,md,140,1
Tilia cordata,md,160,1
Tilia cordata,md,180,1
Tilia cordata,md,200,0.9
Tilia cordata,md,230,0.75
Tilia cordata,md,260,0.5
Tilia cordata,md,290,NA
Tilia cordata,md,320,NA
Acer platanoides,md,20,0.75
Acer platanoides,md,60,1
Acer platanoides,md,90,1.1
Acer platanoides,md,120,1.1
Acer platanoides,md,140,1.1
Acer platanoides,md,160,1.1
Acer platanoides,md,180,1.1
Acer platanoides,md,200,1
Acer platanoides,md,230,0.75
Acer platanoides,md,260,0.5
Acer platanoides,md,290,NA
Acer platanoides,md,320,NA
Prunus avium,md,20,0.5
Prunus avium,md,60,0.75
Prunus avium,md,90,1
Prunus avium,md,120,1.1
Prunus avium,md,140,1.1
Prunus avium,md,160,1.1
Prunus avium,md,180,1.1
Prunus avium,md,200,1
Prunus avium,md,230,0.75
Prunus avium,md,260,0.5
Prunus avium,md,290,NA
Prunus avium,md,320,NA
Nothofagus procera,md,20,0.5
Nothofagus procera,md,60,0.6
Nothofagus procera,md,90,0.75
Nothofagus procera,md,120,1
Nothofagus procera,md,140,1
Nothofagus procera,md,160,1
Nothofagus procera,md,180,1
Nothofagus procera,md,200,1
Nothofagus procera,md,230,0.8
Nothofagus procera,md,260,0.6
Nothofagus procera,md,290,NA
Nothofagus procera,md,320,NA
Pinus pinaster,md,20,NA
Pinus pinaster,md,60,0.2
Pinus pinaster,md,90,0.5
Pinus pinaster,md,120,0.8
Pinus pinaster,md,140,1
Pinus pinaster,md,160,1.05
Pinus pinaster,md,180,1
Pinus pinaster,md,200,1
Pinus pinaster,md,230,0.9
Pinus pinaster,md,260,0.75
Pinus pinaster,md,290,0.6
Pinus pinaster,md,320,0.5
Pinus radiata,md,20,NA
Pinus radiata,md,60,NA
Pinus radiata,md,90,0.3
Pinus radiata,md,120,0.6
Pinus radiata,md,140,0.8
Pinus radiata,md,160,1
Pinus radiata,md,180,1
Pinus radiata,md,200,1
Pinus radiata,md,230,0.9
Pinus radiata,md,260,0.8
Pinus radiata,md,290,0.7
Pinus radiata,md,320,0.6
Pinus strobus,md,20,0.6
Pinus strobus,md,60,0.9
Pinus strobus,md,90,1
Pinus strobus,md,120,1.1
Pinus strobus,md,140,1.1
Pinus strobus,md,160,0.9
Pinus strobus,md,180,0.8
Pinus strobus,md,200,NA
Pinus strobus,md,230,0.6
Pinus strobus,md,260,0.5
Pinus strobus,md,290,0.4
Pinus strobus,md,320,0.3
Picea omorika,md,20,NA
Picea omorika,md,60,0.5
Picea omorika,md,90,0.7
Picea omorika,md,120,0.9
Picea omorika,md,140,1
Picea omorika,md,160,1.1
Picea omorika,md,180,1.1
Picea omorika,md,200,1.1
Picea omorika,md,230,1
Picea omorika,md,260,0.8
Picea omorika,md,290,0.6
Picea omorika,md,320,0.3
Picea orientalis,md,20,NA
Picea orientalis,md,60,0.5
Picea orientalis,md,90,0.7
Picea orientalis,md,120,0.95
Picea orientalis,md,140,1.1
Picea orientalis,md,160,1.1
Picea orientalis,md,180,NA
Picea orientalis,md,200,NA
Picea orientalis,md,230,1.1
Picea orientalis,md,260,1
Picea orientalis,md,290,0.75
Picea orientalis,md,320,0.5
Abies grandis,md,20,0.5
Abies grandis,md,60,0.8
Abies grandis,md,90,1
Abies grandis,md,120,1.05
Abies grandis,md,140,1.05
Abies grandis,md,160,1
Abies grandis,md,180,0.8
Abies grandis,md,200,0.65
Abies grandis,md,230,0.3
Abies grandis,md,260,NA
Abies grandis,md,290,NA
Abies grandis,md,320,NA
Abies alba,md,20,NA
Abies alba,md,60,0.75
Abies alba,md,90,1
Abies alba,md,120,1.1
Abies alba,md,140,1.1
Abies alba,md,160,0.9
Abies alba,md,180,0.75
Abies alba,md,200,0.55
Abies alba,md,230,NA
Abies alba,md,260,NA
Abies alba,md,290,NA
Abies alba,md,320,NA
Abies nordmanniana,md,20,NA
Abies nordmanniana,md,60,0.2
Abies nordmanniana,md,90,0.65
Abies nordmanniana,md,120,0.95
Abies nordmanniana,md,140,1.2
Abies nordmanniana,md,160,1.1
Abies nordmanniana,md,180,1
Abies nordmanniana,md,200,0.9
Abies nordmanniana,md,230,NA
Abies nordmanniana,md,260,0.5
Abies nordmanniana,md,290,NA
Abies nordmanniana,md,320,0
Sequoiadendron giganteum,md,20,NA
Sequoiadendron giganteum,md,60,0.4
Sequoiadendron giganteum,md,90,0.75
Sequoiadendron giganteum,md,120,1
Sequoiadendron giganteum,md,140,1.1
Sequoiadendron giganteum,md,160,1.2
Sequoiadendron giganteum,md,180,1.1
Sequoiadendron giganteum,md,200,0.9
Sequoiadendron giganteum,md,230,0.7
Sequoiadendron giganteum,md,260,0.6
Sequoiadendron giganteum,md,290,0.5
Sequoiadendron giganteum,md,320,0.3
Cryptomeria japonica,md,20,0.5
Cryptomeria japonica,md,60,1
Cryptomeria japonica,md,90,1.1
Cryptomeria japonica,md,120,1.2
Cryptomeria japonica,md,140,1
Cryptomeria japonica,md,160,0.8
Cryptomeria japonica,md,180,0.6
Cryptomeria japonica,md,200,0.4
Cryptomeria japonica,md,230,NA
Cryptomeria japonica,md,260,NA
Cryptomeria japonica,md,290,NA
Cryptomeria japonica,md,320,NA
Chamaecyparis lawsoniana,md,20,0.5
Chamaecyparis lawsoniana,md,60,1
Chamaecyparis lawsoniana,md,90,1.1
Chamaecyparis lawsoniana,md,120,1.2
Chamaecyparis lawsoniana,md,140,1.1
Chamaecyparis lawsoniana,md,160,1
Chamaecyparis lawsoniana,md,180,0.85
Chamaecyparis lawsoniana,md,200,0.7
Chamaecyparis lawsoniana,md,230,0.5
Chamaecyparis lawsoniana,md,260,0.3
Chamaecyparis lawsoniana,md,290,NA
Chamaecyparis lawsoniana,md,320,0
Cupressocyparis x leyandii,md,20,0.6
Cupressocyparis x leyandii,md,60,1
Cupressocyparis x leyandii,md,90,NA
Cupressocyparis x leyandii,md,120,NA
Cupressocyparis x leyandii,md,140,NA
Cupressocyparis x leyandii,md,160,NA
Cupressocyparis x leyandii,md,180,NA
Cupressocyparis x leyandii,md,200,0.75
Cupressocyparis x leyandii,md,230,0.6
Cupressocyparis x leyandii,md,260,0.45
Cupressocyparis x leyandii,md,290,0.3
Cupressocyparis x leyandii,md,320,0.2
Sequoia sempervirens C,md,20,0.5
Sequoia sempervirens C,md,60,NA
Sequoia sempervirens C,md,90,NA
Sequoia sempervirens C,md,120,1.1
Sequoia sempervirens C,md,140,1.2
Sequoia sempervirens C,md,160,NA
Sequoia sempervirens C,md,180,NA
Sequoia sempervirens C,md,200,0.75
Sequoia sempervirens C,md,230,0.6
Sequoia sempervirens C,md,260,0.5
Sequoia sempervirens C,md,290,0.4
Sequoia sempervirens C,md,320,0.3
Alnus rubra,md,20,1.1
Alnus rubra,md,60,1.1
Alnus rubra,md,90,1.1
Alnus rubra,md,120,1.2
Alnus rubra,md,140,1.2
Alnus rubra,md,160,1.05
Alnus rubra,md,180,0.9
Alnus rubra,md,200,0.75
Alnus rubra,md,230,0.6
Alnus rubra,md,260,0.4
Alnus rubra,md,290,0.2
Alnus rubra,md,320,0
Alnus cordata,md,20,NA
Alnus cordata,md,60,NA
Alnus cordata,md,90,0.5
Alnus cordata,md,120,0.85
Alnus cordata,md,140,1
Alnus cordata,md,160,1.1
Alnus cordata,md,180,1.2
Alnus cordata,md,200,1.2
Alnus cordata,md,230,1
Alnus cordata,md,260,0.75
Alnus cordata,md,290,0.5
Alnus cordata,md,320,NA
Alnus incana,md,20,0.2
Alnus incana,md,60,0.75
Alnus incana,md,90,1.1
Alnus incana,md,120,1.2
Alnus incana,md,140,1.2
Alnus incana,md,160,1.1
Alnus incana,md,180,1
Alnus incana,md,200,0.9
Alnus incana,md,230,0.75
Alnus incana,md,260,0.5
Alnus incana,md,290,NA
Alnus incana,md,320,NA
Eucalyptus gunnii,md,20,0.3
Eucalyptus gunnii,md,60,0.65
Eucalyptus gunnii,md,90,0.85
Eucalyptus gunnii,md,120,1
Eucalyptus gunnii,md,140,1.1
Eucalyptus gunnii,md,160,1.1
Eucalyptus gunnii,md,180,1.1
Eucalyptus gunnii,md,200,1
Eucalyptus gunnii,md,230,0.85
Eucalyptus gunnii,md,260,0.6
Eucalyptus gunnii,md,290,0.3
Eucalyptus gunnii,md,320,NA
Euclayptus nitens,md,20,NA
Euclayptus nitens,md,60,0.5
Euclayptus nitens,md,90,0.7
Euclayptus nitens,md,120,0.95
Euclayptus nitens,md,140,1.1
Euclayptus nitens,md,160,1.1
Euclayptus nitens,md,180,NA
Euclayptus nitens,md,200,NA
Euclayptus nitens,md,230,1.1
Euclayptus nitens,md,260,0.75
Euclayptus nitens,md,290,0.5
Euclayptus nitens,md,320,NA
Nothofagus obliqua,md,20,0.5
Nothofagus obliqua,md,60,0.8
Nothofagus obliqua,md,90,1
Nothofagus obliqua,md,120,1.05
Nothofagus obliqua,md,140,1.05
Nothofagus obliqua,md,160,1.1
Nothofagus obliqua,md,180,1.1
Nothofagus obliqua,md,200,1
Nothofagus obliqua,md,230,0.75
Nothofagus obliqua,md,260,0.5
Nothofagus obliqua,md,290,NA
Nothofagus obliqua,md,320,NA
Quercus rubra,md,20,0.5
Quercus rubra,md,60,0.59
Quercus rubra,md,90,0.75
Quercus rubra,md,120,1
Quercus rubra,md,140,1
Quercus rubra,md,160,1.1
Quercus rubra,md,180,1.1
Quercus rubra,md,200,1
Quercus rubra,md,230,0.85
Quercus rubra,md,260,0.55
Quercus rubra,md,290,0.2
Quercus rubra,md,320,NA
Acer macrophyllum,md,20,NA
Acer macrophyllum,md,60,0.2
Acer macrophyllum,md,90,0.65
Acer macrophyllum,md,120,0.95
Acer macrophyllum,md,140,1.1
Acer macrophyllum,md,160,1.1
Acer macrophyllum,md,180,1
Acer macrophyllum,md,200,0.9
Acer macrophyllum,md,230,0.75
Acer macrophyllum,md,260,0.55
Acer macrophyllum,md,290,NA
Acer macrophyllum,md,320,0
Sorbus aucuparia,md,20,1.1
Sorbus aucuparia,md,60,1.1
Sorbus aucuparia,md,90,1.1
Sorbus aucuparia,md,120,1.1
Sorbus aucuparia,md,140,1.1
Sorbus aucuparia,md,160,1.1
Sorbus aucuparia,md,180,1.1
Sorbus aucuparia,md,200,0.9
Sorbus aucuparia,md,230,0.8
Sorbus aucuparia,md,260,0.6
Sorbus aucuparia,md,290,0.4
Sorbus aucuparia,md,320,0.1
Sorbus torminalis,md,20,0
Sorbus torminalis,md,60,NA
Sorbus torminalis,md,90,0.5
Sorbus torminalis,md,120,0.75
Sorbus torminalis,md,140,0.95
Sorbus torminalis,md,160,1.1
Sorbus torminalis,md,180,1.1
Sorbus torminalis,md,200,1
Sorbus torminalis,md,230,0.95
Sorbus torminalis,md,260,0.8
Sorbus torminalis,md,290,0.55
Sorbus torminalis,md,320,NA
Sorbus domestica,md,20,0.5
Sorbus domestica,md,60,1
Sorbus domestica,md,90,1.1
Sorbus domestica,md,120,1.2
Sorbus domestica,md,140,1.1
Sorbus domestica,md,160,1
Sorbus domestica,md,180,0.85
Sorbus domestica,md,200,0.7
Sorbus domestica,md,230,0.5
Sorbus domestica,md,260,0.3
Sorbus domestica,md,290,NA
Sorbus domestica,md,320,0
Juglans regia,md,20,NA
Juglans regia,md,60,NA
Juglans regia,md,90,0.5
Juglans regia,md,120,0.75
Juglans regia,md,140,1
Juglans regia,md,160,1.1
Juglans regia,md,180,1.2
Juglans regia,md,200,1.1
Juglans regia,md,230,1
Juglans regia,md,260,0.75
Juglans regia,md,290,0.5
Juglans regia,md,320,NA
Juglans nigra,md,20,NA
Juglans nigra,md,60,NA
Juglans nigra,md,90,0.5
Juglans nigra,md,120,0.95
Juglans nigra,md,140,1.1
Juglans nigra,md,160,1.2
Juglans nigra,md,180,1.1
Juglans nigra,md,200,NA
Juglans nigra,md,230,0.75
Juglans nigra,md,260,0.5
Juglans nigra,md,290,NA
Juglans nigra,md,320,NA
Picea sitchensis,dams,2,1
Picea sitchensis,dams,4,1
Picea sitchensis,dams,6,1
Picea sitchensis,dams,8,1
Picea sitchensis,dams,10,1
Picea sitchensis,dams,12,1
Picea sitchensis,dams,14,0.9
Picea sitchensis,dams,16,0.75
Picea sitchensis,dams,18,0.6
Picea sitchensis,dams,20,0.5
Picea sitchensis,dams,22,0.4
Picea sitchensis,dams,24,0.3
Picea abies,dams,2,1
Picea abies,dams,4,1.1
Picea abies,dams,6,1.2
Picea abies,dams,8,1.1
Picea abies,dams,10,1
Picea abies,dams,12,0.75
Picea abies,dams,14,0.5
Picea abies,dams,16,0.3
Picea abies,dams,18,0.2
Picea abies,dams,20,0.1
Picea abies,dams,22,0
Picea abies,dams,24,0
Pinus sylvestris,dams,2,1.2
Pinus sylvestris,dams,4,1.2
Pinus sylvestris,dams,6,1.2
Pinus sylvestris,dams,8,1.1
Pinus sylvestris,dams,10,1.1
Pinus sylvestris,dams,12,1
Pinus sylvestris,dams,14,0.8
Pinus sylvestris,dams,16,0.7
Pinus sylvestris,dams,18,0.6
Pinus sylvestris,dams,20,0.4
Pinus sylvestris,dams,22,0.2
Pinus sylvestris,dams,24,0
Pinus nigra ssp. Laricio,dams,2,1
Pinus nigra ssp. Laricio,dams,4,1
Pinus nigra ssp. Laricio,dams,6,1
Pinus nigra ssp. Laricio,dams,8,1
Pinus nigra ssp. Laricio,dams,10,1
Pinus nigra ssp. Laricio,dams,12,1
Pinus nigra ssp. Laricio,dams,14,0.9
Pinus nigra ssp. Laricio,dams,16,0.75
Pinus nigra ssp. Laricio,dams,18,0.5
Pinus nigra ssp. Laricio,dams,20,0.2
Pinus nigra ssp. Laricio,dams,22,0
Pinus nigra ssp. Laricio,dams,24,NA
Pinus contorta,dams,2,1
Pinus contorta,dams,4,1
Pinus contorta,dams,6,1
Pinus contorta,dams,8,1
Pinus contorta,dams,10,1
Pinus contorta,dams,12,1
Pinus contorta,dams,14,0.95
Pinus contorta,dams,16,0.8
Pinus contorta,dams,18,0.7
Pinus contorta,dams,20,0.45
Pinus contorta,dams,22,0
Pinus contorta,dams,24,NA
Pinus peuce,dams,2,1
Pinus peuce,dams,4,1
Pinus peuce,dams,6,1
Pinus peuce,dams,8,1
Pinus peuce,dams,10,1
Pinus peuce,dams,12,1
Pinus peuce,dams,14,1
Pinus peuce,dams,16,0.8
Pinus peuce,dams,18,0.6
Pinus peuce,dams,20,0.35
Pinus peuce,dams,22,0
Pinus peuce,dams,24,NA
Larix decidua,dams,2,1
Larix decidua,dams,4,1
Larix decidua,dams,6,1
Larix decidua,dams,8,1
Larix decidua,dams,10,1
Larix decidua,dams,12,0.9
Larix decidua,dams,14,0.75
Larix decidua,dams,16,0.6
Larix decidua,dams,18,0.4
Larix decidua,dams,20,0.2
Larix decidua,dams,22,0
Larix decidua,dams,24,NA
Larix kaempferi,dams,2,1
Larix kaempferi,dams,4,1
Larix kaempferi,dams,6,1
Larix kaempferi,dams,8,1
Larix kaempferi,dams,10,1
Larix kaempferi,dams,12,0.9
Larix kaempferi,dams,14,0.75
Larix kaempferi,dams,16,0.6
Larix kaempferi,dams,18,0.5
Larix kaempferi,dams,20,NA
Larix kaempferi,dams,22,NA
Larix kaempferi,dams,24,NA
Larix eurolepsis,dams,2,1
Larix eurolepsis,dams,4,1
Larix eurolepsis,dams,6,1
Larix eurolepsis,dams,8,1
Larix eurolepsis,dams,10,1
Larix eurolepsis,dams,12,1
Larix eurolepsis,dams,14,0.8
Larix eurolepsis,dams,16,0.6
Larix eurolepsis,dams,18,0.3
Larix eurolepsis,dams,20,0
Larix eurolepsis,dams,22,NA
Larix eurolepsis,dams,24,NA
Pseudotsuga menziesii,dams,2,1
Pseudotsuga menziesii,dams,4,1
Pseudotsuga menziesii,dams,6,1
Pseudotsuga menziesii,dams,8,1
Pseudotsuga menziesii,dams,10,1
Pseudotsuga menziesii,dams,12,0.75
Pseudotsuga menziesii,dams,14,0.55
Pseudotsuga menziesii,dams,16,0.3
Pseudotsuga menziesii,dams,18,0
Pseudotsuga menziesii,dams,20,NA
Pseudotsuga menziesii,dams,22,NA
Pseudotsuga menziesii,dams,24,NA
Abies procera,dams,2,1
Abies procera,dams,4,1
Abies procera,dams,6,1
Abies procera,dams,8,1
Abies procera,dams,10,1
Abies procera,dams,12,1
Abies procera,dams,14,1
Abies procera,dams,16,0.8
Abies procera,dams,18,0.6
Abies procera,dams,20,0.3
Abies procera,dams,22,NA
Abies procera,dams,24,NA
Abies amabilis,dams,2,1
Abies amabilis,dams,4,1
Abies amabilis,dams,6,1
Abies amabilis,dams,8,1
Abies amabilis,dams,10,1
Abies amabilis,dams,12,0.9
Abies amabilis,dams,14,0.7
Abies amabilis,dams,16,0.6
Abies amabilis,dams,18,0.5
Abies amabilis,dams,20,0.3
Abies amabilis,dams,22,NA
Abies amabilis,dams,24,NA
Tsuga heterophyla,dams,2,1
Tsuga heterophyla,dams,4,1
Tsuga heterophyla,dams,6,1
Tsuga heterophyla,dams,8,1
Tsuga heterophyla,dams,10,0.9
Tsuga heterophyla,dams,12,0.7
Tsuga heterophyla,dams,14,0.6
Tsuga heterophyla,dams,16,0.5
Tsuga heterophyla,dams,18,0.3
Tsuga heterophyla,dams,20,0
Tsuga heterophyla,dams,22,NA
Tsuga heterophyla,dams,24,NA
Thuja plicata,dams,2,1
Thuja plicata,dams,4,1
Thuja plicata,dams,6,1
Thuja plicata,dams,8,1
Thuja plicata,dams,10,1
Thuja plicata,dams,12,0.8
Thuja plicata,dams,14,0.6
Thuja plicata,dams,16,0.5
Thuja plicata,dams,18,0.3
Thuja plicata,dams,20,0
Thuja plicata,dams,22,NA
Thuja plicata,dams,24,NA
Sequoia sempervirens A1,dams,2,1
Sequoia sempervirens A1,dams,4,1
Sequoia sempervirens A1,dams,6,1
Sequoia sempervirens A1,dams,8,1
Sequoia sempervirens A1,dams,10,0.8
Sequoia sempervirens A1,dams,12,0.6
Sequoia sempervirens A1,dams,14,0.4
Sequoia sempervirens A1,dams,16,0
Sequoia sempervirens A1,dams,18,NA
Sequoia sempervirens A1,dams,20,NA
Sequoia sempervirens A1,dams,22,NA
Sequoia sempervirens A1,dams,24,NA
Master,dams,2,1
Master,dams,4,NA
Master,dams,6,NA
Master,dams,8,NA
Master,dams,10,NA
Master,dams,12,NA
Master,dams,14,NA
Master,dams,16,NA
Master,dams,18,NA
Master,dams,20,NA
Master,dams,22,NA
Master,dams,24,0
Quercus robur,dams,2,1
Quercus robur,dams,4,1
Quercus robur,dams,6,1
Quercus robur,dams,8,1
Quercus robur,dams,10,1
Quercus robur,dams,12,1
Quercus robur,dams,14,0.8
Quercus robur,dams,16,0.6
Quercus robur,dams,18,0.3
Quercus robur,dams,20,0
Quercus robur,dams,22,NA
Quercus robur,dams,24,NA
Quercus petraea,dams,2,1
Quercus petraea,dams,4,1
Quercus petraea,dams,6,1
Quercus petraea,dams,8,1
Quercus petraea,dams,10,1
Quercus petraea,dams,12,1
Quercus petraea,dams,14,0.75
Quercus petraea,dams,16,0.5
Quercus petraea,dams,18,0
Quercus petraea,dams,20,NA
Quercus petraea,dams,22,NA
Quercus petraea,dams,24,NA
Fagus sylvatica,dams,2,1
Fagus sylvatica,dams,4,1
Fagus sylvatica,dams,6,1
Fagus sylvatica,dams,8,1
Fagus sylvatica,dams,10,1
Fagus sylvatica,dams,12,1
Fagus sylvatica,dams,14,0.8
Fagus sylvatica,dams,16,0.6
Fagus sylvatica,dams,18,0.4
Fagus sylvatica,dams,20,0
Fagus sylvatica,dams,22,NA
Fagus sylvatica,dams,24,NA
Fraxinus excelsior,dams,2,1
Fraxinus excelsior,dams,4,1.1
Fraxinus excelsior,dams,6,1.1
Fraxinus excelsior,dams,8,1.1
Fraxinus excelsior,dams,10,1.1
Fraxinus excelsior,dams,12,1
Fraxinus excelsior,dams,14,0.7
Fraxinus excelsior,dams,16,0.5
Fraxinus excelsior,dams,18,0
Fraxinus excelsior,dams,20,NA
Fraxinus excelsior,dams,22,NA
Fraxinus excelsior,dams,24,NA
Acer pseudoplatanus,dams,2,1
Acer pseudoplatanus,dams,4,1
Acer pseudoplatanus,dams,6,1.1
Acer pseudoplatanus,dams,8,1.1
Acer pseudoplatanus,dams,10,1.1
Acer pseudoplatanus,dams,12,1
Acer pseudoplatanus,dams,14,0.75
Acer pseudoplatanus,dams,16,0.6
Acer pseudoplatanus,dams,18,0.5
Acer pseudoplatanus,dams,20,NA
Acer pseudoplatanus,dams,22,NA
Acer pseudoplatanus,dams,24,NA
Ulmus glabra,dams,2,1
Ulmus glabra,dams,4,1
Ulmus glabra,dams,6,1
Ulmus glabra,dams,8,1
Ulmus glabra,dams,10,0.9
Ulmus glabra,dams,12,0.75
Ulmus glabra,dams,14,0.6
Ulmus glabra,dams,16,0.5
Ulmus glabra,dams,18,NA
Ulmus glabra,dams,20,NA
Ulmus glabra,dams,22,NA
Ulmus glabra,dams,24,NA
Castanea sativa,dams,2,1
Castanea sativa,dams,4,1
Castanea sativa,dams,6,1
Castanea sativa,dams,8,1
Castanea sativa,dams,10,1
Castanea sativa,dams,12,1
Castanea sativa,dams,14,0.8
Castanea sativa,dams,16,0.7
Castanea sativa,dams,18,0.5
Castanea sativa,dams,20,0
Castanea sativa,dams,22,NA
Castanea sativa,dams,24,NA
Betula pendula,dams,2,1
Betula pendula,dams,4,1
Betula pendula,dams,6,1
Betula pendula,dams,8,1
Betula pendula,dams,10,1
Betula pendula,dams,12,0.9
Betula pendula,dams,14,0.7
Betula pendula,dams,16,0.5
Betula pendula,dams,18,0.3
Betula pendula,dams,20,0.1
Betula pendula,dams,22,NA
Betula pendula,dams,24,NA
Betula pubescens,dams,2,1
Betula pubescens,dams,4,1
Betula pubescens,dams,6,1
Betula pubescens,dams,8,1
Betula pubescens,dams,10,1
Betula pubescens,dams,12,1
Betula pubescens,dams,14,1
Betula pubescens,dams,16,0.8
Betula pubescens,dams,18,0.6
Betula pubescens,dams,20,0.3
Betula pubescens,dams,22,0
Betula pubescens,dams,24,NA
Populus tremula,dams,2,1
Populus tremula,dams,4,1
Populus tremula,dams,6,1
Populus tremula,dams,8,1
Populus tremula,dams,10,1
Populus tremula,dams,12,1
Populus tremula,dams,14,0.8
Populus tremula,dams,16,0.6
Populus tremula,dams,18,0.5
Populus tremula,dams,20,NA
Populus tremula,dams,22,NA
Populus tremula,dams,24,NA
Populus nigra,dams,2,1
Populus nigra,dams,4,1
Populus nigra,dams,6,1
Populus nigra,dams,8,1
Populus nigra,dams,10,1
Populus nigra,dams,12,1
Populus nigra,dams,14,0.8
Populus nigra,dams,16,0.6
Populus nigra,dams,18,0.5
Populus nigra,dams,20,NA
Populus nigra,dams,22,NA
Populus nigra,dams,24,NA
Alnus glutinosa,dams,2,1
Alnus glutinosa,dams,4,1
Alnus glutinosa,dams,6,1
Alnus glutinosa,dams,8,1
Alnus glutinosa,dams,10,1
Alnus glutinosa,dams,12,1
Alnus glutinosa,dams,14,0.9
Alnus glutinosa,dams,16,0.7
Alnus glutinosa,dams,18,0.5
Alnus glutinosa,dams,20,NA
Alnus glutinosa,dams,22,NA
Alnus glutinosa,dams,24,NA
Carpinus betulus,dams,2,1
Carpinus betulus,dams,4,1
Carpinus betulus,dams,6,1
Carpinus betulus,dams,8,1
Carpinus betulus,dams,10,1
Carpinus betulus,dams,12,1
Carpinus betulus,dams,14,0.7
Carpinus betulus,dams,16,0.5
Carpinus betulus,dams,18,NA
Carpinus betulus,dams,20,NA
Carpinus betulus,dams,22,NA
Carpinus betulus,dams,24,NA
Tilia cordata,dams,2,1
Tilia cordata,dams,4,1
Tilia cordata,dams,6,1
Tilia cordata,dams,8,1
Tilia cordata,dams,10,1
Tilia cordata,dams,12,1
Tilia cordata,dams,14,0.8
Tilia cordata,dams,16,0.6
Tilia cordata,dams,18,0.4
Tilia cordata,dams,20,NA
Tilia cordata,dams,22,NA
Tilia cordata,dams,24,NA
Acer platanoides,dams,2,1
Acer platanoides,dams,4,1
Acer platanoides,dams,6,1
Acer platanoides,dams,8,1
Acer platanoides,dams,10,1
Acer platanoides,dams,12,1
Acer platanoides,dams,14,0.7
Acer platanoides,dams,16,0.5
Acer platanoides,dams,18,NA
Acer platanoides,dams,20,NA
Acer platanoides,dams,22,NA
Acer platanoides,dams,24,NA
Prunus avium,dams,2,1
Prunus avium,dams,4,1
Prunus avium,dams,6,1
Prunus avium,dams,8,1
Prunus avium,dams,10,1
Prunus avium,dams,12,1
Prunus avium,dams,14,0.75
Prunus avium,dams,16,0.5
Prunus avium,dams,18,NA
Prunus avium,dams,20,NA
Prunus avium,dams,22,NA
Prunus avium,dams,24,NA
Nothofagus procera,dams,2,1
Nothofagus procera,dams,4,1
Nothofagus procera,dams,6,1
Nothofagus procera,dams,8,1
Nothofagus procera,dams,10,1
Nothofagus procera,dams,12,1
Nothofagus procera,dams,14,0.7
Nothofagus procera,dams,16,0.5
Nothofagus procera,dams,18,NA
Nothofagus procera,dams,20,NA
Nothofagus procera,dams,22,NA
Nothofagus procera,dams,24,NA
Pinus pinaster,dams,2,1
Pinus pinaster,dams,4,1
Pinus pinaster,dams,6,1
Pinus pinaster,dams,8,1
Pinus pinaster,dams,10,1
Pinus pinaster,dams,12,1
Pinus pinaster,dams,14,0.75
Pinus pinaster,dams,16,0.5
Pinus pinaster,dams,18,NA
Pinus pinaster,dams,20,NA
Pinus pinaster,dams,22,NA
Pinus pinaster,dams,24,NA
Pinus radiata,dams,2,1
Pinus radiata,dams,4,1
Pinus radiata,dams,6,1.1
Pinus radiata,dams,8,1.2
Pinus radiata,dams,10,1.1
Pinus radiata,dams,12,1.05
Pinus radiata,dams,14,1
Pinus radiata,dams,16,0.75
Pinus radiata,dams,18,0.5
Pinus radiata,dams,20,NA
Pinus radiata,dams,22,NA
Pinus radiata,dams,24,NA
Pinus strobus,dams,2,1.1
Pinus strobus,dams,4,1.2
Pinus strobus,dams,6,1.3
Pinus strobus,dams,8,1.2
Pinus strobus,dams,10,1.1
Pinus strobus,dams,12,1
Pinus strobus,dams,14,0.75
Pinus strobus,dams,16,0.5
Pinus strobus,dams,18,0.3
Pinus strobus,dams,20,0.2
Pinus strobus,dams,22,0.1
Pinus strobus,dams,24,NA
Picea omorika,dams,2,1
Picea omorika,dams,4,1
Picea omorika,dams,6,1
Picea omorika,dams,8,1
Picea omorika,dams,10,0.95
Picea omorika,dams,12,0.85
Picea omorika,dams,14,0.7
Picea omorika,dams,16,0.6
Picea omorika,dams,18,NA
Picea omorika,dams,20,NA
Picea omorika,dams,22,NA
Picea omorika,dams,24,NA
Picea orientalis,dams,2,1
Picea orientalis,dams,4,1
Picea orientalis,dams,6,1
Picea orientalis,dams,8,1
Picea orientalis,dams,10,1
Picea orientalis,dams,12,0.9
Picea orientalis,dams,14,0.7
Picea orientalis,dams,16,0.5
Picea orientalis,dams,18,NA
Picea orientalis,dams,20,NA
Picea orientalis,dams,22,NA
Picea orientalis,dams,24,NA
Abies grandis,dams,2,1
Abies grandis,dams,4,1
Abies grandis,dams,6,1
Abies grandis,dams,8,1
Abies grandis,dams,10,0.95
Abies grandis,dams,12,0.8
Abies grandis,dams,14,0.75
Abies grandis,dams,16,0.5
Abies grandis,dams,18,NA
Abies grandis,dams,20,NA
Abies grandis,dams,22,NA
Abies grandis,dams,24,NA
Abies alba,dams,2,1
Abies alba,dams,4,1
Abies alba,dams,6,1
Abies alba,dams,8,1
Abies alba,dams,10,1
Abies alba,dams,12,1
Abies alba,dams,14,0.8
Abies alba,dams,16,0.6
Abies alba,dams,18,0.4
Abies alba,dams,20,NA
Abies alba,dams,22,NA
Abies alba,dams,24,NA
Abies nordmanniana,dams,2,1
Abies nordmanniana,dams,4,1
Abies nordmanniana,dams,6,1
Abies nordmanniana,dams,8,1
Abies nordmanniana,dams,10,1
Abies nordmanniana,dams,12,1
Abies nordmanniana,dams,14,0.9
Abies nordmanniana,dams,16,0.7
Abies nordmanniana,dams,18,NA
Abies nordmanniana,dams,20,NA
Abies nordmanniana,dams,22,NA
Abies nordmanniana,dams,24,NA
Sequoiadendron giganteum,dams,2,1
Sequoiadendron giganteum,dams,4,1
Sequoiadendron giganteum,dams,6,1
Sequoiadendron giganteum,dams,8,1
Sequoiadendron giganteum,dams,10,1
Sequoiadendron giganteum,dams,12,0.9
Sequoiadendron giganteum,dams,14,0.75
Sequoiadendron giganteum,dams,16,0.6
Sequoiadendron giganteum,dams,18,0.5
Sequoiadendron giganteum,dams,20,NA
Sequoiadendron giganteum,dams,22,NA
Sequoiadendron giganteum,dams,24,NA
Cryptomeria japonica,dams,2,1
Cryptomeria japonica,dams,4,1.1
Cryptomeria japonica,dams,6,1.1
Cryptomeria japonica,dams,8,1
Cryptomeria japonica,dams,10,0.9
Cryptomeria japonica,dams,12,0.75
Cryptomeria japonica,dams,14,0.6
Cryptomeria japonica,dams,16,NA
Cryptomeria japonica,dams,18,NA
Cryptomeria japonica,dams,20,NA
Cryptomeria japonica,dams,22,NA
Cryptomeria japonica,dams,24,0
Chamaecyparis lawsoniana,dams,2,1
Chamaecyparis lawsoniana,dams,4,1
Chamaecyparis lawsoniana,dams,6,1
Chamaecyparis lawsoniana,dams,8,1
Chamaecyparis lawsoniana,dams,10,1
Chamaecyparis lawsoniana,dams,12,0.85
Chamaecyparis lawsoniana,dams,14,0.7
Chamaecyparis lawsoniana,dams,16,NA
Chamaecyparis lawsoniana,dams,18,NA
Chamaecyparis lawsoniana,dams,20,NA
Chamaecyparis lawsoniana,dams,22,NA
Chamaecyparis lawsoniana,dams,24,NA
Cupressocyparis x leyandii,dams,2,1
Cupressocyparis x leyandii,dams,4,1
Cupressocyparis x leyandii,dams,6,1
Cupressocyparis x leyandii,dams,8,1
Cupressocyparis x leyandii,dams,10,1
Cupressocyparis x leyandii,dams,12,0.9
Cupressocyparis x leyandii,dams,14,NA
Cupressocyparis x leyandii,dams,16,0.5
Cupressocyparis x leyandii,dams,18,NA
Cupressocyparis x leyandii,dams,20,NA
Cupressocyparis x leyandii,dams,22,NA
Cupressocyparis x leyandii,dams,24,NA
Sequoia sempervirens C,dams,2,1.1
Sequoia sempervirens C,dams,4,1.1
Sequoia sempervirens C,dams,6,1.1
Sequoia sempervirens C,dams,8,1.1
Sequoia sempervirens C,dams,10,1
Sequoia sempervirens C,dams,12,0.9
Sequoia sempervirens C,dams,14,0.8
Sequoia sempervirens C,dams,16,0.7
Sequoia sempervirens C,dams,18,0.5
Sequoia sempervirens C,dams,20,NA
Sequoia sempervirens C,dams,22,NA
Sequoia sempervirens C,dams,24,0
Alnus rubra,dams,2,1
Alnus rubra,dams,4,1
Alnus rubra,dams,6,1
Alnus rubra,dams,8,1
Alnus rubra,dams,10,1
Alnus rubra,dams,12,1
Alnus rubra,dams,14,1
Alnus rubra,dams,16,0.75
Alnus rubra,dams,18,NA
Alnus rubra,dams,20,NA
Alnus rubra,dams,22,NA
Alnus rubra,dams,24,NA
Alnus cordata,dams,2,1.1
Alnus cordata,dams,4,1.1
Alnus cordata,dams,6,1.1
Alnus cordata,dams,8,1.1
Alnus cordata,dams,10,1.05
Alnus cordata,dams,12,1
Alnus cordata,dams,14,0.75
Alnus cordata,dams,16,0.5
Alnus cordata,dams,18,NA
Alnus cordata,dams,20,NA
Alnus cordata,dams,22,NA
Alnus cordata,dams,24,NA
Alnus incana,dams,2,1.1
Alnus incana,dams,4,1.2
Alnus incana,dams,6,1.3
Alnus incana,dams,8,1.2
Alnus incana,dams,10,1.1
Alnus incana,dams,12,1
Alnus incana,dams,14,1
Alnus incana,dams,16,0.9
Alnus incana,dams,18,0.8
Alnus incana,dams,20,0.7
Alnus incana,dams,22,0.5
Alnus incana,dams,24,NA
Eucalyptus gunnii,dams,2,1.1
Eucalyptus gunnii,dams,4,1.1
Eucalyptus gunnii,dams,6,1.1
Eucalyptus gunnii,dams,8,1.1
Eucalyptus gunnii,dams,10,1.1
Eucalyptus gunnii,dams,12,1
Eucalyptus gunnii,dams,14,0.9
Eucalyptus gunnii,dams,16,0.65
Eucalyptus gunnii,dams,18,NA
Eucalyptus gunnii,dams,20,NA
Eucalyptus gunnii,dams,22,NA
Eucalyptus gunnii,dams,24,NA
Euclayptus nitens,dams,2,1.1
Euclayptus nitens,dams,4,1.1
Euclayptus nitens,dams,6,1.1
Euclayptus nitens,dams,8,1.1
Euclayptus nitens,dams,10,1.1
Euclayptus nitens,dams,12,1
Euclayptus nitens,dams,14,0.85
Euclayptus nitens,dams,16,0.7
Euclayptus nitens,dams,18,0.5
Euclayptus nitens,dams,20,NA
Euclayptus nitens,dams,22,NA
Euclayptus nitens,dams,24,NA
Nothofagus obliqua,dams,2,1.1
Nothofagus obliqua,dams,4,1.1
Nothofagus obliqua,dams,6,1.1
Nothofagus obliqua,dams,8,1.1
Nothofagus obliqua,dams,10,1.1
Nothofagus obliqua,dams,12,1
Nothofagus obliqua,dams,14,0.85
Nothofagus obliqua,dams,16,0.6
Nothofagus obliqua,dams,18,NA
Nothofagus obliqua,dams,20,NA
Nothofagus obliqua,dams,22,NA
Nothofagus obliqua,dams,24,NA
Quercus rubra,dams,2,1
Quercus rubra,dams,4,1
Quercus rubra,dams,6,1
Quercus rubra,dams,8,1
Quercus rubra,dams,10,1
Quercus rubra,dams,12,0.9
Quercus rubra,dams,14,0.75
Quercus rubra,dams,16,0.6
Quercus rubra,dams,18,0.4
Quercus rubra,dams,20,NA
Quercus rubra,dams,22,NA
Quercus rubra,dams,24,NA
Acer macrophyllum,dams,2,1
Acer macrophyllum,dams,4,1
Acer macrophyllum,dams,6,1
Acer macrophyllum,dams,8,1
Acer macrophyllum,dams,10,1
Acer macrophyllum,dams,12,0.9
Acer macrophyllum,dams,14,0.7
Acer macrophyllum,dams,16,NA
Acer macrophyllum,dams,18,NA
Acer macrophyllum,dams,20,NA
Acer macrophyllum,dams,22,NA
Acer macrophyllum,dams,24,NA
Sorbus aucuparia,dams,2,1.1
Sorbus aucuparia,dams,4,1.1
Sorbus aucuparia,dams,6,1.1
Sorbus aucuparia,dams,8,1.1
Sorbus aucuparia,dams,10,1.1
Sorbus aucuparia,dams,12,1.1
Sorbus aucuparia,dams,14,1.1
Sorbus aucuparia,dams,16,0.95
Sorbus aucuparia,dams,18,0.8
Sorbus aucuparia,dams,20,0.65
Sorbus aucuparia,dams,22,0.5
Sorbus aucuparia,dams,24,NA
Sorbus torminalis,dams,2,1.1
Sorbus torminalis,dams,4,1.1
Sorbus torminalis,dams,6,1.1
Sorbus torminalis,dams,8,1.1
Sorbus torminalis,dams,10,1
Sorbus torminalis,dams,12,0.9
Sorbus torminalis,dams,14,0.8
Sorbus torminalis,dams,16,0.7
Sorbus torminalis,dams,18,0.6
Sorbus torminalis,dams,20,NA
Sorbus torminalis,dams,22,0.3
Sorbus torminalis,dams,24,NA
Sorbus domestica,dams,2,1
Sorbus domestica,dams,4,1
Sorbus domestica,dams,6,1
Sorbus domestica,dams,8,1
Sorbus domestica,dams,10,1
Sorbus domestica,dams,12,0.85
Sorbus domestica,dams,14,0.7
Sorbus domestica,dams,16,NA
Sorbus domestica,dams,18,NA
Sorbus domestica,dams,20,NA
Sorbus domestica,dams,22,NA
Sorbus domestica,dams,24,NA
Juglans regia,dams,2,1
Juglans regia,dams,4,1
Juglans regia,dams,6,1
Juglans regia,dams,8,1
Juglans regia,dams,10,0.9
Juglans regia,dams,12,NA
Juglans regia,dams,14,NA
Juglans regia,dams,16,0.5
Juglans regia,dams,18,NA
Juglans regia,dams,20,NA
Juglans regia,dams,22,NA
Juglans regia,dams,24,NA
Juglans nigra,dams,2,1.1
Juglans nigra,dams,4,1.1
Juglans nigra,dams,6,1.1
Juglans nigra,dams,8,1.1
Juglans nigra,dams,10,1
Juglans nigra,dams,12,0.9
Juglans nigra,dams,14,0.8
Juglans nigra,dams,16,0.7
Juglans nigra,dams,18,0.5
Juglans nigra,dams,20,NA
Juglans nigra,dams,22,NA
Juglans nigra,dams,24,NA
Picea sitchensis,smr,0,0
Picea sitchensis,smr,1,0.2
Picea sitchensis,smr,2,0.5
Picea sitchensis,smr,3,0.75
Picea sitchensis,smr,4,1
Picea sitchensis,smr,5,0.9
Picea sitchensis,smr,6,0.75
Picea sitchensis,smr,7,0.5
Picea sitchensis,smr,8,0.2
Picea abies,smr,0,NA
Picea abies,smr,1,0
Picea abies,smr,2,0.3
Picea abies,smr,3,0.75
Picea abies,smr,4,1
Picea abies,smr,5,1
Picea abies,smr,6,0.75
Picea abies,smr,7,0.5
Picea abies,smr,8,0
Pinus sylvestris,smr,0,0
Pinus sylvestris,smr,1,0.1
Pinus sylvestris,smr,2,0.3
Pinus sylvestris,smr,3,0.5
Pinus sylvestris,smr,4,0.75
Pinus sylvestris,smr,5,1
Pinus sylvestris,smr,6,1
Pinus sylvestris,smr,7,1
Pinus sylvestris,smr,8,0.75
Pinus nigra ssp. Laricio,smr,0,0
Pinus nigra ssp. Laricio,smr,1,NA
Pinus nigra ssp. Laricio,smr,2,0
Pinus nigra ssp. Laricio,smr,3,0.3
Pinus nigra ssp. Laricio,smr,4,0.6
Pinus nigra ssp. Laricio,smr,5,1
Pinus nigra ssp. Laricio,smr,6,1
Pinus nigra ssp. Laricio,smr,7,0.8
Pinus nigra ssp. Laricio,smr,8,0.5
Pinus contorta,smr,0,0.3
Pinus contorta,smr,1,0.5
Pinus contorta,smr,2,0.75
Pinus contorta,smr,3,1
Pinus contorta,smr,4,1.1
Pinus contorta,smr,5,1.1
Pinus contorta,smr,6,1.1
Pinus contorta,smr,7,1
Pinus contorta,smr,8,0.75
Pinus peuce,smr,0,0
Pinus peuce,smr,1,0.2
Pinus peuce,smr,2,0.5
Pinus peuce,smr,3,0.75
Pinus peuce,smr,4,1.1
Pinus peuce,smr,5,1.1
Pinus peuce,smr,6,0.8
Pinus peuce,smr,7,0.5
Pinus peuce,smr,8,0
Larix decidua,smr,0,0
Larix decidua,smr,1,0
Larix decidua,smr,2,0.1
Larix decidua,smr,3,0.3
Larix decidua,smr,4,0.6
Larix decidua,smr,5,1.1
Larix decidua,smr,6,1.1
Larix decidua,smr,7,0.4
Larix decidua,smr,8,NA
Larix kaempferi,smr,0,0
Larix kaempferi,smr,1,0.1
Larix kaempferi,smr,2,0.3
Larix kaempferi,smr,3,0.5
Larix kaempferi,smr,4,0.85
Larix kaempferi,smr,5,1.1
Larix kaempferi,smr,6,0.74
Larix kaempferi,smr,7,0.3
Larix kaempferi,smr,8,NA
Larix eurolepsis,smr,0,NA
Larix eurolepsis,smr,1,0
Larix eurolepsis,smr,2,0.2
Larix eurolepsis,smr,3,0.5
Larix eurolepsis,smr,4,0.9
Larix eurolepsis,smr,5,1
Larix eurolepsis,smr,6,1
Larix eurolepsis,smr,7,0.7
Larix eurolepsis,smr,8,0.1
Pseudotsuga menziesii,smr,0,NA
Pseudotsuga menziesii,smr,1,NA
Pseudotsuga menziesii,smr,2,NA
Pseudotsuga menziesii,smr,3,NA
Pseudotsuga menziesii,smr,4,0.5
Pseudotsuga menziesii,smr,5,1
Pseudotsuga menziesii,smr,6,1
Pseudotsuga menziesii,smr,7,0.7
Pseudotsuga menziesii,smr,8,0
Abies procera,smr,0,0
Abies procera,smr,1,0
Abies procera,smr,2,0.3
Abies procera,smr,3,0.6
Abies procera,smr,4,1
Abies procera,smr,5,1
Abies procera,smr,6,0.3
Abies procera,smr,7,NA
Abies procera,smr,8,NA
Abies amabilis,smr,0,0
Abies amabilis,smr,1,0
Abies amabilis,smr,2,0
Abies amabilis,smr,3,0.55
Abies amabilis,smr,4,0.9
Abies amabilis,smr,5,1.2
Abies amabilis,smr,6,0.4
Abies amabilis,smr,7,NA
Abies amabilis,smr,8,NA
Tsuga heterophyla,smr,0,NA
Tsuga heterophyla,smr,1,0
Tsuga heterophyla,smr,2,0.2
Tsuga heterophyla,smr,3,0.6
Tsuga heterophyla,smr,4,1
Tsuga heterophyla,smr,5,1.2
Tsuga heterophyla,smr,6,1
Tsuga heterophyla,smr,7,0.6
Tsuga heterophyla,smr,8,0
Thuja plicata,smr,0,0
Thuja plicata,smr,1,0.4
Thuja plicata,smr,2,0.7
Thuja plicata,smr,3,1
Thuja plicata,smr,4,1.1
Thuja plicata,smr,5,1.1
Thuja plicata,smr,6,0.6
Thuja plicata,smr,7,0
Thuja plicata,smr,8,NA
Sequoia sempervirens A1,smr,0,NA
Sequoia sempervirens A1,smr,1,0
Sequoia sempervirens A1,smr,2,0.3
Sequoia sempervirens A1,smr,3,0.7
Sequoia sempervirens A1,smr,4,1.1
Sequoia sempervirens A1,smr,5,1
Sequoia sempervirens A1,smr,6,0.6
Sequoia sempervirens A1,smr,7,0.3
Sequoia sempervirens A1,smr,8,0
Master,smr,0,0
Master,smr,1,NA
Master,smr,2,NA
Master,smr,3,NA
Master,smr,4,NA
Master,smr,5,NA
Master,smr,6,NA
Master,smr,7,NA
Master,smr,8,1
Quercus robur,smr,0,NA
Quercus robur,smr,1,0
Quercus robur,smr,2,0.5
Quercus robur,smr,3,0.9
Quercus robur,smr,4,1.1
Quercus robur,smr,5,1
Quercus robur,smr,6,0.65
Quercus robur,smr,7,0.3
Quercus robur,smr,8,NA
Quercus petraea,smr,0,NA
Quercus petraea,smr,1,NA
Quercus petraea,smr,2,NA
Quercus petraea,smr,3,0.3
Quercus petraea,smr,4,0.6
Quercus petraea,smr,5,1
Quercus petraea,smr,6,1
Quercus petraea,smr,7,0.6
Quercus petraea,smr,8,0
Fagus sylvatica,smr,0,NA
Fagus sylvatica,smr,1,NA
Fagus sylvatica,smr,2,NA
Fagus sylvatica,smr,3,0.3
Fagus sylvatica,smr,4,0.7
Fagus sylvatica,smr,5,0.9
Fagus sylvatica,smr,6,1.1
Fagus sylvatica,smr,7,0.6
Fagus sylvatica,smr,8,0
Fraxinus excelsior,smr,0,NA
Fraxinus excelsior,smr,1,NA
Fraxinus excelsior,smr,2,0.3
Fraxinus excelsior,smr,3,0.6
Fraxinus excelsior,smr,4,1
Fraxinus excelsior,smr,5,1
Fraxinus excelsior,smr,6,0.6
Fraxinus excelsior,smr,7,0
Fraxinus excelsior,smr,8,NA
Acer pseudoplatanus,smr,0,NA
Acer pseudoplatanus,smr,1,NA
Acer pseudoplatanus,smr,2,NA
Acer pseudoplatanus,smr,3,0.6
Acer pseudoplatanus,smr,4,1
Acer pseudoplatanus,smr,5,1
Acer pseudoplatanus,smr,6,0.7
Acer pseudoplatanus,smr,7,0.4
Acer pseudoplatanus,smr,8,0
Ulmus glabra,smr,0,NA
Ulmus glabra,smr,1,NA
Ulmus glabra,smr,2,0
Ulmus glabra,smr,3,0.6
Ulmus glabra,smr,4,1
Ulmus glabra,smr,5,1
Ulmus glabra,smr,6,0.6
Ulmus glabra,smr,7,0
Ulmus glabra,smr,8,NA
Castanea sativa,smr,0,NA
Castanea sativa,smr,1,NA
Castanea sativa,smr,2,NA
Castanea sativa,smr,3,0.1
Castanea sativa,smr,4,0.6
Castanea sativa,smr,5,1
Castanea sativa,smr,6,1
Castanea sativa,smr,7,0.6
Castanea sativa,smr,8,0
Betula pendula,smr,0,NA
Betula pendula,smr,1,NA
Betula pendula,smr,2,0
Betula pendula,smr,3,0.55
Betula pendula,smr,4,0.8
Betula pendula,smr,5,1
Betula pendula,smr,6,1
Betula pendula,smr,7,0.7
Betula pendula,smr,8,0.4
Betula pubescens,smr,0,0.3
Betula pubescens,smr,1,0.6
Betula pubescens,smr,2,0.9
Betula pubescens,smr,3,1
Betula pubescens,smr,4,1
Betula pubescens,smr,5,0.7
Betula pubescens,smr,6,0
Betula pubescens,smr,7,NA
Betula pubescens,smr,8,NA
Populus tremula,smr,0,NA
Populus tremula,smr,1,0
Populus tremula,smr,2,0.7
Populus tremula,smr,3,1
Populus tremula,smr,4,1
Populus tremula,smr,5,1
Populus tremula,smr,6,0.7
Populus tremula,smr,7,NA
Populus tremula,smr,8,NA
Populus nigra,smr,0,0.3
Populus nigra,smr,1,0.6
Populus nigra,smr,2,1
Populus nigra,smr,3,1.1
Populus nigra,smr,4,1
Populus nigra,smr,5,0.6
Populus nigra,smr,6,NA
Populus nigra,smr,7,NA
Populus nigra,smr,8,NA
Alnus glutinosa,smr,0,0.5
Alnus glutinosa,smr,1,0.7
Alnus glutinosa,smr,2,1
Alnus glutinosa,smr,3,1
Alnus glutinosa,smr,4,1
Alnus glutinosa,smr,5,0.6
Alnus glutinosa,smr,6,NA
Alnus glutinosa,smr,7,NA
Alnus glutinosa,smr,8,NA
Carpinus betulus,smr,0,NA
Carpinus betulus,smr,1,NA
Carpinus betulus,smr,2,0.5
Carpinus betulus,smr,3,0.74
Carpinus betulus,smr,4,1
Carpinus betulus,smr,5,1.1
Carpinus betulus,smr,6,1
Carpinus betulus,smr,7,0.65
Carpinus betulus,smr,8,0
Tilia cordata,smr,0,NA
Tilia cordata,smr,1,NA
Tilia cordata,smr,2,NA
Tilia cordata,smr,3,0.6
Tilia cordata,smr,4,1
Tilia cordata,smr,5,1
Tilia cordata,smr,6,0.7
Tilia cordata,smr,7,NA
Tilia cordata,smr,8,NA
Acer platanoides,smr,0,NA
Acer platanoides,smr,1,NA
Acer platanoides,smr,2,NA
Acer platanoides,smr,3,0.65
Acer platanoides,smr,4,1
Acer platanoides,smr,5,1
Acer platanoides,smr,6,1
Acer platanoides,smr,7,0.6
Acer platanoides,smr,8,NA
Prunus avium,smr,0,NA
Prunus avium,smr,1,NA
Prunus avium,smr,2,NA
Prunus avium,smr,3,0.7
Prunus avium,smr,4,1
Prunus avium,smr,5,1
Prunus avium,smr,6,0.6
Prunus avium,smr,7,NA
Prunus avium,smr,8,NA
Nothofagus procera,smr,0,NA
Nothofagus procera,smr,1,NA
Nothofagus procera,smr,2,NA
Nothofagus procera,smr,3,NA
Nothofagus procera,smr,4,0.65
Nothofagus procera,smr,5,1
Nothofagus procera,smr,6,0.65
Nothofagus procera,smr,7,NA
Nothofagus procera,smr,8,NA
Pinus pinaster,smr,0,0
Pinus pinaster,smr,1,0
Pinus pinaster,smr,2,0
Pinus pinaster,smr,3,0.3
Pinus pinaster,smr,4,0.6
Pinus pinaster,smr,5,1.2
Pinus pinaster,smr,6,1.1
Pinus pinaster,smr,7,0.7
Pinus pinaster,smr,8,0.5
Pinus radiata,smr,0,NA
Pinus radiata,smr,1,NA
Pinus radiata,smr,2,0.3
Pinus radiata,smr,3,0.5
Pinus radiata,smr,4,0.9
Pinus radiata,smr,5,1
Pinus radiata,smr,6,1
Pinus radiata,smr,7,0.75
Pinus radiata,smr,8,0.3
Pinus strobus,smr,0,NA
Pinus strobus,smr,1,NA
Pinus strobus,smr,2,NA
Pinus strobus,smr,3,NA
Pinus strobus,smr,4,0.5
Pinus strobus,smr,5,1.2
Pinus strobus,smr,6,1.1
Pinus strobus,smr,7,0.5
Pinus strobus,smr,8,0
Picea omorika,smr,0,NA
Picea omorika,smr,1,NA
Picea omorika,smr,2,0.5
Picea omorika,smr,3,0.75
Picea omorika,smr,4,1
Picea omorika,smr,5,1
Picea omorika,smr,6,0.7
Picea omorika,smr,7,0.3
Picea omorika,smr,8,NA
Picea orientalis,smr,0,NA
Picea orientalis,smr,1,NA
Picea orientalis,smr,2,NA
Picea orientalis,smr,3,0.6
Picea orientalis,smr,4,1
Picea orientalis,smr,5,1.1
Picea orientalis,smr,6,1
Picea orientalis,smr,7,0.6
Picea orientalis,smr,8,NA
Abies grandis,smr,0,NA
Abies grandis,smr,1,NA
Abies grandis,smr,2,NA
Abies grandis,smr,3,0.6
Abies grandis,smr,4,1
Abies grandis,smr,5,1
Abies grandis,smr,6,0.4
Abies grandis,smr,7,NA
Abies grandis,smr,8,NA
Abies alba,smr,0,NA
Abies alba,smr,1,NA
Abies alba,smr,2,NA
Abies alba,smr,3,0.6
Abies alba,smr,4,1
Abies alba,smr,5,1
Abies alba,smr,6,0.6
Abies alba,smr,7,NA
Abies alba,smr,8,NA
Abies nordmanniana,smr,0,NA
Abies nordmanniana,smr,1,NA
Abies nordmanniana,smr,2,NA
Abies nordmanniana,smr,3,0.65
Abies nordmanniana,smr,4,1
Abies nordmanniana,smr,5,1
Abies nordmanniana,smr,6,0.7
Abies nordmanniana,smr,7,0
Abies nordmanniana,smr,8,NA
Sequoiadendron giganteum,smr,0,NA
Sequoiadendron giganteum,smr,1,NA
Sequoiadendron giganteum,smr,2,NA
Sequoiadendron giganteum,smr,3,NA
Sequoiadendron giganteum,smr,4,0.74
Sequoiadendron giganteum,smr,5,1.1
Sequoiadendron giganteum,smr,6,1
Sequoiadendron giganteum,smr,7,0.5
Sequoiadendron giganteum,smr,8,NA
Cryptomeria japonica,smr,0,NA
Cryptomeria japonica,smr,1,NA
Cryptomeria japonica,smr,2,NA
Cryptomeria japonica,smr,3,0.65
Cryptomeria japonica,smr,4,1.1
Cryptomeria japonica,smr,5,1.1
Cryptomeria japonica,smr,6,0.65
Cryptomeria japonica,smr,7,NA
Cryptomeria japonica,smr,8,NA
Chamaecyparis lawsoniana,smr,0,NA
Chamaecyparis lawsoniana,smr,1,NA
Chamaecyparis lawsoniana,smr,2,0.6
Chamaecyparis lawsoniana,smr,3,1
Chamaecyparis lawsoniana,smr,4,1.1
Chamaecyparis lawsoniana,smr,5,1
Chamaecyparis lawsoniana,smr,6,0.6
Chamaecyparis lawsoniana,smr,7,NA
Chamaecyparis lawsoniana,smr,8,NA
Cupressocyparis x leyandii,smr,0,NA
Cupressocyparis x leyandii,smr,1,NA
Cupressocyparis x leyandii,smr,2,NA
Cupressocyparis x leyandii,smr,3,0.6
Cupressocyparis x leyandii,smr,4,1
Cupressocyparis x leyandii,smr,5,1.2
Cupressocyparis x leyandii,smr,6,1
Cupressocyparis x leyandii,smr,7,0.5
Cupressocyparis x leyandii,smr,8,NA
Sequoia sempervirens C,smr,0,NA
Sequoia sempervirens C,smr,1,NA
Sequoia sempervirens C,smr,2,NA
Sequoia sempervirens C,smr,3,0.65
Sequoia sempervirens C,smr,4,1
Sequoia sempervirens C,smr,5,1
Sequoia sempervirens C,smr,6,0.65
Sequoia sempervirens C,smr,7,NA
Sequoia sempervirens C,smr,8,NA
Alnus rubra,smr,0,0.3
Alnus rubra,smr,1,0.5
Alnus rubra,smr,2,0.85
Alnus rubra,smr,3,1.1
Alnus rubra,smr,4,1.1
Alnus rubra,smr,5,1.05
Alnus rubra,smr,6,0.75
Alnus rubra,smr,7,0
Alnus rubra,smr,8,NA
Alnus cordata,smr,0,NA
Alnus cordata,smr,1,NA
Alnus cordata,smr,2,0.65
Alnus cordata,smr,3,0.95
Alnus cordata,smr,4,1.1
Alnus cordata,smr,5,1.1
Alnus cordata,smr,6,1
Alnus cordata,smr,7,0.6
Alnus cordata,smr,8,NA
Alnus incana,smr,0,0.2
Alnus incana,smr,1,0.5
Alnus incana,smr,2,0.85
Alnus incana,smr,3,1.2
Alnus incana,smr,4,1.1
Alnus incana,smr,5,1
Alnus incana,smr,6,0.75
Alnus incana,smr,7,NA
Alnus incana,smr,8,NA
Eucalyptus gunnii,smr,0,NA
Eucalyptus gunnii,smr,1,NA
Eucalyptus gunnii,smr,2,0.6
Eucalyptus gunnii,smr,3,0.9
Eucalyptus gunnii,smr,4,1.1
Eucalyptus gunnii,smr,5,1
Eucalyptus gunnii,smr,6,0.7
Eucalyptus gunnii,smr,7,NA
Eucalyptus gunnii,smr,8,NA
Euclayptus nitens,smr,0,NA
Euclayptus nitens,smr,1,NA
Euclayptus nitens,smr,2,0
Euclayptus nitens,smr,3,0.6
Euclayptus nitens,smr,4,1
Euclayptus nitens,smr,5,1.1
Euclayptus nitens,smr,6,0.6
Euclayptus nitens,smr,7,NA
Euclayptus nitens,smr,8,NA
Nothofagus obliqua,smr,0,NA
Nothofagus obliqua,smr,1,NA
Nothofagus obliqua,smr,2,0
Nothofagus obliqua,smr,3,0.5
Nothofagus obliqua,smr,4,0.8
Nothofagus obliqua,smr,5,1.1
Nothofagus obliqua,smr,6,1.1
Nothofagus obliqua,smr,7,0.6
Nothofagus obliqua,smr,8,NA
Quercus rubra,smr,0,NA
Quercus rubra,smr,1,NA
Quercus rubra,smr,2,NA
Quercus rubra,smr,3,0.6
Quercus rubra,smr,4,1
Quercus rubra,smr,5,1
Quercus rubra,smr,6,0.73
Quercus rubra,smr,7,0.5
Quercus rubra,smr,8,0.2
Acer macrophyllum,smr,0,NA
Acer macrophyllum,smr,1,NA
Acer macrophyllum,smr,2,NA
Acer macrophyllum,smr,3,0.65
Acer macrophyllum,smr,4,1
Acer macrophyllum,smr,5,1
Acer macrophyllum,smr,6,0.65
Acer macrophyllum,smr,7,0
Acer macrophyllum,smr,8,NA
Sorbus aucuparia,smr,0,NA
Sorbus aucuparia,smr,1,NA
Sorbus aucuparia,smr,2,NA
Sorbus aucuparia,smr,3,0.6
Sorbus aucuparia,smr,4,0.95
Sorbus aucuparia,smr,5,1.1
Sorbus aucuparia,smr,6,1
Sorbus aucuparia,smr,7,0.6
Sorbus aucuparia,smr,8,NA
Sorbus torminalis,smr,0,0
Sorbus torminalis,smr,1,NA
Sorbus torminalis,smr,2,NA
Sorbus torminalis,smr,3,0.3
Sorbus torminalis,smr,4,0.65
Sorbus torminalis,smr,5,1.1
Sorbus torminalis,smr,6,1.1
Sorbus torminalis,smr,7,0.65
Sorbus torminalis,smr,8,NA
Sorbus domestica,smr,0,NA
Sorbus domestica,smr,1,NA
Sorbus domestica,smr,2,NA
Sorbus domestica,smr,3,NA
Sorbus domestica,smr,4,0.65
Sorbus domestica,smr,5,1
Sorbus domestica,smr,6,1
Sorbus domestica,smr,7,0.7
Sorbus domestica,smr,8,0.5
Juglans regia,smr,0,NA
Juglans regia,smr,1,NA
Juglans regia,smr,2,NA
Juglans regia,smr,3,NA
Juglans regia,smr,4,0.65
Juglans regia,smr,5,1
Juglans regia,smr,6,1
Juglans regia,smr,7,0.5
Juglans regia,smr,8,NA
Juglans nigra,smr,0,NA
Juglans nigra,smr,1,NA
Juglans nigra,smr,2,NA
Juglans nigra,smr,3,NA
Juglans nigra,smr,4,0.65
Juglans nigra,smr,5,1.2
Juglans nigra,smr,6,0.65
Juglans nigra,smr,7,NA
Juglans nigra,smr,8,NA
Picea sitchensis,snr,0,0.1
Picea sitchensis,snr,1,0.5
Picea sitchensis,snr,2,0.75
Picea sitchensis,snr,3,1
Picea sitchensis,snr,4,1
Picea sitchensis,snr,5,0.75
Picea sitchensis,snr,6,0
Picea abies,snr,0,0
Picea abies,snr,1,0.3
Picea abies,snr,2,0.5
Picea abies,snr,3,0.75
Picea abies,snr,4,1.1
Picea abies,snr,5,0.75
Picea abies,snr,6,0
Pinus sylvestris,snr,0,0.3
Pinus sylvestris,snr,1,0.5
Pinus sylvestris,snr,2,0.75
Pinus sylvestris,snr,3,1
Pinus sylvestris,snr,4,1.1
Pinus sylvestris,snr,5,1.1
Pinus sylvestris,snr,6,1
Pinus nigra ssp. Laricio,snr,0,0.3
Pinus nigra ssp. Laricio,snr,1,0.5
Pinus nigra ssp. Laricio,snr,2,0.75
Pinus nigra ssp. Laricio,snr,3,1
Pinus nigra ssp. Laricio,snr,4,1
Pinus nigra ssp. Laricio,snr,5,0.75
Pinus nigra ssp. Laricio,snr,6,0
Pinus contorta,snr,0,0.5
Pinus contorta,snr,1,1.1
Pinus contorta,snr,2,1.05
Pinus contorta,snr,3,0.75
Pinus contorta,snr,4,0.5
Pinus contorta,snr,5,0.3
Pinus contorta,snr,6,0.2
Pinus peuce,snr,0,0
Pinus peuce,snr,1,0.5
Pinus peuce,snr,2,0.9
Pinus peuce,snr,3,1.2
Pinus peuce,snr,4,0.75
Pinus peuce,snr,5,0.5
Pinus peuce,snr,6,0
Larix decidua,snr,0,0
Larix decidua,snr,1,0.3
Larix decidua,snr,2,0.5
Larix decidua,snr,3,0.8
Larix decidua,snr,4,1.2
Larix decidua,snr,5,0.6
Larix decidua,snr,6,0
Larix kaempferi,snr,0,0.2
Larix kaempferi,snr,1,0.5
Larix kaempferi,snr,2,0.8
Larix kaempferi,snr,3,1
Larix kaempferi,snr,4,1
Larix kaempferi,snr,5,0.8
Larix kaempferi,snr,6,0
Larix eurolepsis,snr,0,0.3
Larix eurolepsis,snr,1,0.5
Larix eurolepsis,snr,2,0.75
Larix eurolepsis,snr,3,1
Larix eurolepsis,snr,4,1
Larix eurolepsis,snr,5,0.7
Larix eurolepsis,snr,6,0.1
Pseudotsuga menziesii,snr,0,NA
Pseudotsuga menziesii,snr,1,0.4
Pseudotsuga menziesii,snr,2,0.7
Pseudotsuga menziesii,snr,3,1
Pseudotsuga menziesii,snr,4,1
Pseudotsuga menziesii,snr,5,0.7
Pseudotsuga menziesii,snr,6,0
Abies procera,snr,0,0
Abies procera,snr,1,0.3
Abies procera,snr,2,0.6
Abies procera,snr,3,1.1
Abies procera,snr,4,1
Abies procera,snr,5,0.7
Abies procera,snr,6,0
Abies amabilis,snr,0,0.1
Abies amabilis,snr,1,0.3
Abies amabilis,snr,2,0.8
Abies amabilis,snr,3,1.1
Abies amabilis,snr,4,1.1
Abies amabilis,snr,5,0.8
Abies amabilis,snr,6,NA
Tsuga heterophyla,snr,0,0.3
Tsuga heterophyla,snr,1,0.6
Tsuga heterophyla,snr,2,0.9
Tsuga heterophyla,snr,3,1.1
Tsuga heterophyla,snr,4,0.7
Tsuga heterophyla,snr,5,0
Tsuga heterophyla,snr,6,NA
Thuja plicata,snr,0,0
Thuja plicata,snr,1,0.55
Thuja plicata,snr,2,1
Thuja plicata,snr,3,1.1
Thuja plicata,snr,4,1.1
Thuja plicata,snr,5,1
Thuja plicata,snr,6,0.7
Sequoia sempervirens A1,snr,0,0
Sequoia sempervirens A1,snr,1,0
Sequoia sempervirens A1,snr,2,0.6
Sequoia sempervirens A1,snr,3,1
Sequoia sempervirens A1,snr,4,1
Sequoia sempervirens A1,snr,5,1
Sequoia sempervirens A1,snr,6,0
Master,snr,0,0
Master,snr,1,NA
Master,snr,2,NA
Master,snr,3,NA
Master,snr,4,NA
Master,snr,5,NA
Master,snr,6,1
Quercus robur,snr,0,0
Quercus robur,snr,1,0.2
Quercus robur,snr,2,0.6
Quercus robur,snr,3,0.9
Quercus robur,snr,4,1.1
Quercus robur,snr,5,1
Quercus robur,snr,6,0
Quercus petraea,snr,0,0
Quercus petraea,snr,1,0.2
Quercus petraea,snr,2,0.6
Quercus petraea,snr,3,1
Quercus petraea,snr,4,1
Quercus petraea,snr,5,0.6
Quercus petraea,snr,6,0
Fagus sylvatica,snr,0,NA
Fagus sylvatica,snr,1,0
Fagus sylvatica,snr,2,0.7
Fagus sylvatica,snr,3,0.95
Fagus sylvatica,snr,4,1.1
Fagus sylvatica,snr,5,1
Fagus sylvatica,snr,6,0.7
Fraxinus excelsior,snr,0,NA
Fraxinus excelsior,snr,1,NA
Fraxinus excelsior,snr,2,NA
Fraxinus excelsior,snr,3,0.6
Fraxinus excelsior,snr,4,1
Fraxinus excelsior,snr,5,1
Fraxinus excelsior,snr,6,1
Acer pseudoplatanus,snr,0,NA
Acer pseudoplatanus,snr,1,0
Acer pseudoplatanus,snr,2,0.5
Acer pseudoplatanus,snr,3,0.75
Acer pseudoplatanus,snr,4,1
Acer pseudoplatanus,snr,5,1
Acer pseudoplatanus,snr,6,0.6
Ulmus glabra,snr,0,0
Ulmus glabra,snr,1,NA
Ulmus glabra,snr,2,0
Ulmus glabra,snr,3,0.6
Ulmus glabra,snr,4,1
Ulmus glabra,snr,5,1
Ulmus glabra,snr,6,0
Castanea sativa,snr,0,NA
Castanea sativa,snr,1,0
Castanea sativa,snr,2,0.6
Castanea sativa,snr,3,1
Castanea sativa,snr,4,1
Castanea sativa,snr,5,0.6
Castanea sativa,snr,6,NA
Betula pendula,snr,0,0.3
Betula pendula,snr,1,0.65
Betula pendula,snr,2,1
Betula pendula,snr,3,1
Betula pendula,snr,4,0.7
Betula pendula,snr,5,0.4
Betula pendula,snr,6,NA
Betula pubescens,snr,0,0.3
Betula pubescens,snr,1,0.7
Betula pubescens,snr,2,1
Betula pubescens,snr,3,1
Betula pubescens,snr,4,0.6
Betula pubescens,snr,5,0
Betula pubescens,snr,6,NA
Populus tremula,snr,0,NA
Populus tremula,snr,1,0
Populus tremula,snr,2,0.6
Populus tremula,snr,3,1
Populus tremula,snr,4,1
Populus tremula,snr,5,1
Populus tremula,snr,6,0
Populus nigra,snr,0,0
Populus nigra,snr,1,NA
Populus nigra,snr,2,NA
Populus nigra,snr,3,0.6
Populus nigra,snr,4,1
Populus nigra,snr,5,1
Populus nigra,snr,6,0.2
Alnus glutinosa,snr,0,0
Alnus glutinosa,snr,1,NA
Alnus glutinosa,snr,2,NA
Alnus glutinosa,snr,3,0.7
Alnus glutinosa,snr,4,1
Alnus glutinosa,snr,5,1
Alnus glutinosa,snr,6,0.3
Carpinus betulus,snr,0,NA
Carpinus betulus,snr,1,NA
Carpinus betulus,snr,2,0.7
Carpinus betulus,snr,3,1
Carpinus betulus,snr,4,1
Carpinus betulus,snr,5,1
Carpinus betulus,snr,6,0.7
Tilia cordata,snr,0,NA
Tilia cordata,snr,1,0
Tilia cordata,snr,2,0.5
Tilia cordata,snr,3,0.75
Tilia cordata,snr,4,1.1
Tilia cordata,snr,5,1
Tilia cordata,snr,6,0.3
Acer platanoides,snr,0,NA
Acer platanoides,snr,1,NA
Acer platanoides,snr,2,0.6
Acer platanoides,snr,3,1
Acer platanoides,snr,4,1
Acer platanoides,snr,5,1
Acer platanoides,snr,6,1
Prunus avium,snr,0,NA
Prunus avium,snr,1,NA
Prunus avium,snr,2,0.55
Prunus avium,snr,3,0.85
Prunus avium,snr,4,1
Prunus avium,snr,5,1
Prunus avium,snr,6,1
Nothofagus procera,snr,0,NA
Nothofagus procera,snr,1,NA
Nothofagus procera,snr,2,0.65
Nothofagus procera,snr,3,1
Nothofagus procera,snr,4,1
Nothofagus procera,snr,5,0.65
Nothofagus procera,snr,6,NA
Pinus pinaster,snr,0,0.3
Pinus pinaster,snr,1,0.6
Pinus pinaster,snr,2,1
Pinus pinaster,snr,3,1.1
Pinus pinaster,snr,4,0.7
Pinus pinaster,snr,5,0.3
Pinus pinaster,snr,6,0
Pinus radiata,snr,0,0.2
Pinus radiata,snr,1,0.5
Pinus radiata,snr,2,0.9
Pinus radiata,snr,3,1
Pinus radiata,snr,4,1
Pinus radiata,snr,5,0.6
Pinus radiata,snr,6,0
Pinus strobus,snr,0,0
Pinus strobus,snr,1,0.3
Pinus strobus,snr,2,0.6
Pinus strobus,snr,3,1.1
Pinus strobus,snr,4,1
Pinus strobus,snr,5,0.6
Pinus strobus,snr,6,NA
Picea omorika,snr,0,0
Picea omorika,snr,1,0.3
Picea omorika,snr,2,0.6
Picea omorika,snr,3,0.9
Picea omorika,snr,4,1
Picea omorika,snr,5,1
Picea omorika,snr,6,0.7
Picea orientalis,snr,0,NA
Picea orientalis,snr,1,NA
Picea orientalis,snr,2,0.6
Picea orientalis,snr,3,1
Picea orientalis,snr,4,1
Picea orientalis,snr,5,0.6
Picea orientalis,snr,6,NA
Abies grandis,snr,0,NA
Abies grandis,snr,1,0
Abies grandis,snr,2,0.7
Abies grandis,snr,3,1.1
Abies grandis,snr,4,1.25
Abies grandis,snr,5,1
Abies grandis,snr,6,0
Abies alba,snr,0,NA
Abies alba,snr,1,0.2
Abies alba,snr,2,0.7
Abies alba,snr,3,1
Abies alba,snr,4,1.1
Abies alba,snr,5,1
Abies alba,snr,6,0.7
Abies nordmanniana,snr,0,NA
Abies nordmanniana,snr,1,0.25
Abies nordmanniana,snr,2,0.6
Abies nordmanniana,snr,3,1
Abies nordmanniana,snr,4,1.1
Abies nordmanniana,snr,5,1
Abies nordmanniana,snr,6,0.65
Sequoiadendron giganteum,snr,0,NA
Sequoiadendron giganteum,snr,1,NA
Sequoiadendron giganteum,snr,2,0.4
Sequoiadendron giganteum,snr,3,1
Sequoiadendron giganteum,snr,4,1.1
Sequoiadendron giganteum,snr,5,0.65
Sequoiadendron giganteum,snr,6,NA
Cryptomeria japonica,snr,0,NA
Cryptomeria japonica,snr,1,NA
Cryptomeria japonica,snr,2,0.65
Cryptomeria japonica,snr,3,1.1
Cryptomeria japonica,snr,4,1.1
Cryptomeria japonica,snr,5,0.65
Cryptomeria japonica,snr,6,NA
Chamaecyparis lawsoniana,snr,0,0
Chamaecyparis lawsoniana,snr,1,0.3
Chamaecyparis lawsoniana,snr,2,0.6
Chamaecyparis lawsoniana,snr,3,1
Chamaecyparis lawsoniana,snr,4,1.21
Chamaecyparis lawsoniana,snr,5,1
Chamaecyparis lawsoniana,snr,6,0
Cupressocyparis x leyandii,snr,0,NA
Cupressocyparis x leyandii,snr,1,NA
Cupressocyparis x leyandii,snr,2,0.7
Cupressocyparis x leyandii,snr,3,1
Cupressocyparis x leyandii,snr,4,1.2
Cupressocyparis x leyandii,snr,5,1
Cupressocyparis x leyandii,snr,6,0.7
Sequoia sempervirens C,snr,0,NA
Sequoia sempervirens C,snr,1,0
Sequoia sempervirens C,snr,2,0.65
Sequoia sempervirens C,snr,3,1.05
Sequoia sempervirens C,snr,4,1.1
Sequoia sempervirens C,snr,5,1.1
Sequoia sempervirens C,snr,6,0
Alnus rubra,snr,0,NA
Alnus rubra,snr,1,0
Alnus rubra,snr,2,0.85
Alnus rubra,snr,3,1.1
Alnus rubra,snr,4,1.1
Alnus rubra,snr,5,0.6
Alnus rubra,snr,6,NA
Alnus cordata,snr,0,0
Alnus cordata,snr,1,0.6
Alnus cordata,snr,2,1.05
Alnus cordata,snr,3,1.1
Alnus cordata,snr,4,1.2
Alnus cordata,snr,5,1
Alnus cordata,snr,6,0.6
Alnus incana,snr,0,0.3
Alnus incana,snr,1,0.65
Alnus incana,snr,2,1
Alnus incana,snr,3,1.1
Alnus incana,snr,4,1.1
Alnus incana,snr,5,1
Alnus incana,snr,6,0.6
Eucalyptus gunnii,snr,0,0
Eucalyptus gunnii,snr,1,0.5
Eucalyptus gunnii,snr,2,0.8
Eucalyptus gunnii,snr,3,1
Eucalyptus gunnii,snr,4,1.1
Eucalyptus gunnii,snr,5,0.65
Eucalyptus gunnii,snr,6,NA
Euclayptus nitens,snr,0,NA
Euclayptus nitens,snr,1,0.5
Euclayptus nitens,snr,2,1
Euclayptus nitens,snr,3,1
Euclayptus nitens,snr,4,0.65
Euclayptus nitens,snr,5,NA
Euclayptus nitens,snr,6,NA
Nothofagus obliqua,snr,0,NA
Nothofagus obliqua,snr,1,NA
Nothofagus obliqua,snr,2,0.7
Nothofagus obliqua,snr,3,1.1
Nothofagus obliqua,snr,4,1.1
Nothofagus obliqua,snr,5,0.65
Nothofagus obliqua,snr,6,0
Quercus rubra,snr,0,NA
Quercus rubra,snr,1,0.2
Quercus rubra,snr,2,0.6
Quercus rubra,snr,3,1
Quercus rubra,snr,4,1.1
Quercus rubra,snr,5,0.7
Quercus rubra,snr,6,0
Acer macrophyllum,snr,0,0
Acer macrophyllum,snr,1,0.3
Acer macrophyllum,snr,2,0.65
Acer macrophyllum,snr,3,1
Acer macrophyllum,snr,4,1.1
Acer macrophyllum,snr,5,0.65
Acer macrophyllum,snr,6,NA
Sorbus aucuparia,snr,0,0.3
Sorbus aucuparia,snr,1,0.5
Sorbus aucuparia,snr,2,0.8
Sorbus aucuparia,snr,3,1
Sorbus aucuparia,snr,4,1.1
Sorbus aucuparia,snr,5,0.8
Sorbus aucuparia,snr,6,0.4
Sorbus torminalis,snr,0,NA
Sorbus torminalis,snr,1,0.2
Sorbus torminalis,snr,2,0.7
Sorbus torminalis,snr,3,1.1
Sorbus torminalis,snr,4,1.1
Sorbus torminalis,snr,5,1
Sorbus torminalis,snr,6,0.65
Sorbus domestica,snr,0,NA
Sorbus domestica,snr,1,NA
Sorbus domestica,snr,2,0.65
Sorbus domestica,snr,3,1.1
Sorbus domestica,snr,4,1.1
Sorbus domestica,snr,5,0.7
Sorbus domestica,snr,6,0.4
Juglans regia,snr,0,NA
Juglans regia,snr,1,NA
Juglans regia,snr,2,NA
Juglans regia,snr,3,0.65
Juglans regia,snr,4,1.1
Juglans regia,snr,5,1
Juglans regia,snr,6,0
Juglans nigra,snr,0,NA
Juglans nigra,snr,1,NA
Juglans nigra,snr,2,0.5
Juglans nigra,snr,3,1.05
Juglans nigra,snr,4,1.1
Juglans nigra,snr,5,0.65
Juglans nigra,snr,6,0.4
